id,first_name,last_name,position,team_id
14,Ike,Anigbogu,C,12
25,Ron,Baker,G,20
47,Jabari,Bird,G,2
67,MarShon,Brooks,G,15
71,Lorenzo,Brown,G,28
90,Omri,Casspi,F,15
1,Alex,Abrines,G,21
119,Tyler,Davis,C,21
149,Keenan,Evans,G,9
179,Marcin,Gortat,C,13
1593,Andrew,Bogut,F,10
241,Amir,Johnson,C-F,23
392,Malachi,Richardson,G,29
281,Zach,Lofton,G,9
263,Kosta,Koufos,C,26
382,Billy,Preston,F,6
384,Zhou,Qi,F-C,11
388,Zach,Randolph,F,26
430,DJ,Stephens,G-F,15
437,Milos,Teodosic,G,13
448,Gary,Trent Jr.,G,25
494,Michael,Smith,,2
495,John,Morton,,6
496,Howard,Wright,,1
497,Michael,Ansley,,22
498,John,Salley,,9
499,Dan,Schayes,,17
500,Mark,Eaton,,29
501,Kevin,Johnson,,24
502,Danny,Ainge,,25
503,Kenny,Smith,,11
504,Randy,Breuer,,18
505,Herb,Williams,,7
506,Joe,Wolf,,8
507,Steve,Johnson,,10
508,Glen,Rice,,16
509,Greg,Foster,,30
510,Larry,Nance,,6
511,Duane,Ferrell,,1
512,Nick,Anderson,,22
513,Joe,Dumars,,9
514,Jay,Humphries,,17
515,Darrell,Griffith,,29
516,Dan,Majerle,,24
517,Tom,Chambers,,24
518,Alaa,Abdelnaby,,25
519,Adrian,Caldwell,,11
520,Vernon,Maxwell,,11
521,Doug,West,,18
522,Tony,Campbell,,18
523,Roy,Tarpley,,7
524,Anthony,Cook,,8
525,Todd,Lichti,,8
526,Tom,Tolbert,,10
527,Billy,Thompson,,16
528,Byron,Irvin,,30
529,Mark,Price,,6
530,Dominique,Wilkins,,1
531,Dennis,Scott,,22
532,Terry,Catledge,,22
533,Bill,Laimbeer,,9
534,William,Bedford,,9
535,Ricky,Pierce,,17
536,Blue,Edwards,,29
537,Walter,Palmer,,29
538,Mark,West,,24
539,Clifford,Robinson,,25
540,Hakeem,Olajuwon,,11
541,Richard,Coffey,,18
542,James,Donaldson,,7
543,Jerome,Lane,,8
544,Sarunas,Marciulionis,,10
545,Grant,Long,,16
546,Willie,Burton,,16
547,Mark,Alarie,,30
548,Winston,Bennett,,6
549,Doc,Rivers,,1
550,Tim,McCormick,,1
551,Scott,Skiles,,22
552,Dennis,Rodman,,9
553,Greg,Anderson,,17
554,Jeff,Malone,,29
555,Cedric,Ceballos,,24
556,Tim,Perry,,24
557,Buck,Williams,,25
558,Dave,Jamerson,,11
559,Scott,Brooks,,18
560,Rolando,Blackman,,7
561,Avery,Johnson,,8
562,Rod,Higgins,,10
563,Jon,Sundvold,,16
564,A.J.,English,,30
565,John,Battle,,1
566,Sam,Vincent,,22
567,Isiah,Thomas,,9
568,Brad,Lohaus,,17
569,Mike,Brown,,29
570,Kenny,Battle,,24
571,Danny,Young,,25
572,Larry,Smith,,11
573,Pooh,Richardson,,18
574,Derek,Harper,,7
575,Michael,Adams,,8
576,Tim,Hardaway,,10
577,Bimbo,Coles,,16
578,Darrell,Walker,,30
579,Kevin,Willis,,1
580,Otis,Smith,,22
581,James,Edwards,,9
582,Frank,Brickowski,,17
583,Karl,Malone,,29
584,Ian,Lockhart,,24
585,Kevin,Duckworth,,25
586,Otis,Thorpe,,11
587,Gerald,Glass,,18
588,Alex,English,,7
589,T.R.,Dunn,,8
590,Alton,Lister,,10
591,Sherman,Douglas,,16
592,Charles,Jones,,30
593,Moses,Malone,,1
594,Mark,Acres,,22
595,Lance,Blanks,,9
596,Jeff,Grayer,,17
597,Chris,Munk,,29
598,Jeff,Hornacek,,24
599,Jerome,Kersey,,25
600,Dave,Feitl,,11
601,Tod,Murphy,,18
602,Lafayette,Lever,,7
603,Corey,Gaines,,8
604,Mitch,Richmond,,10
605,Kevin,Edwards,,16
606,Haywoode,Workman,,30
607,Tom,Hammonds,,30
608,Rumeal,Robinson,,1
609,Greg,Kite,,22
610,Vinnie,Johnson,,9
611,Jack,Sikma,,17
612,Delaney,Rudd,,29
613,Ed,Nealy,,24
614,Wayne,Cooper,,25
615,Sleepy,Floyd,,11
616,Felton,Spencer,,18
617,Tyrone,Corbin,,18
618,Marcus,Liberty,,8
619,Walter,Davis,,8
620,Tyrone,Hill,,10
621,Alec,Kessler,,16
622,Terry,Davis,,16
623,Larry,Robinson,,30
624,Sidney,Moncrief,,1
625,Jeff,Turner,,22
626,Scott,Hastings,,9
627,Alvin,Robertson,,17
628,Steve,Henson,,17
629,Andy,Toolson,,29
630,Thurl,Bailey,,29
631,Kurt,Rambis,,24
632,Clyde,Drexler,,25
633,David,Wood,,11
634,Sam,Mitchell,,18
635,Rodney,McCray,,7
636,Blair,Rasmussen,,8
637,Kevin,Pritchard,,10
638,Milt,Wagner,,16
639,Bernard,King,,30
640,Roy,Hinson,,3
641,Matt,Bullard,,11
642,Alan,Ogg,,16
643,Kevin,Lynch,,4
644,Larry,Krystkowiak,,17
645,Pete,Chilcutt,,26
646,Randy,Brown,,26
647,Elliot,Perry,,13
648,Jimmy,Oliver,,6
649,Terrell,Brandon,,6
650,Greg,Sutton,,27
651,Tom,Copa,,27
652,Donald,Hodge,,7
653,Joao,Vianna,,7
654,Mike,Iuzzolino,,7
655,Greg,Anthony,,20
656,Albert,King,,30
657,Tellis,Frank,,18
658,David,Benoit,,29
659,Demetrius,Calip,,14
660,Dikembe,Mutombo,,8
661,Mark,Macon,,8
662,Chris,Gatling,,10
663,Victor,Alexander,,10
664,Mark,Randall,,5
665,Mitchell,Wiggins,,23
666,Tharon,Mayes,,23
667,Charles,Thomas,,9
668,Robert,Pack,,25
669,John,Bagley,,2
670,Rick,Fox,,2
671,Larry,Johnson,,4
672,Alexander,Volkov,,1
673,Stacey,Augmon,,1
674,Carl,Thomas,,26
675,Steven,Smith,,16
676,Stanley,Roberts,,22
677,Doug,Lee,,3
678,Rafael,Addison,,3
679,Sean,Green,,12
680,Corey,Crowder,,29
681,Eric,Murdock,,29
682,Kevin,Brooks,,8
683,Carlton,McKinney,,20
684,Billy,Owens,,10
685,Doug,Smith,,7
686,Marty,Conlon,,21
687,Rich,King,,21
688,Brad,Sellers,,9
689,Rodney,Monroe,,1
690,Lanard,Copeland,,13
691,LeRon,Ellis,,13
692,Larry,Stewart,,30
693,John,Turner,,11
694,Charles,Shackleford,,23
695,Keith,Owens,,14
696,Paul,Graham,,1
697,Kenny,Anderson,,3
698,Carl,Herrera,,11
699,Myron,Brown,,18
700,Dale,Davis,,12
701,Labradford,Smith,,30
702,Bison,Dele,,22
703,Chuck,Nevitt,,5
704,Patrick,Eddie,,20
705,David,Rivers,,13
706,Luc,Longley,,18
707,Bob,McCann,,9
708,Donald,Royal,,27
709,Anthony,Bowie,,22
710,Chris,Corchiani,,22
711,Stephen,Thompson,,22
712,Jeff,Ruland,,23
713,Ronnie,Grandison,,4
714,Lamont,Strothers,,25
715,Tracy,Moore,,7
716,Jaren,Jackson,,10
717,Ennis,Whatley,,25
718,Brian,Howard,,7
719,Steve,Burtt,,24
720,Cedric,Hunter,,4
721,Stephen,Bardo,,27
722,Cliff,T. Robinson,,14
723,Derek,Strong,,30
724,Bobby,Phills,,6
725,Anthony,Avent,,17
726,Lee,Mayberry,,17
727,Todd,Day,,17
728,Tony,Bennett,,4
729,Brent,Price,,30
730,Don,MacLean,,30
731,Tom,Gugliotta,,30
732,Walt,Williams,,26
733,Lloyd,Daniels,,27
734,Vinny,Del Negro,,27
735,Shaquille,O'Neal,,22
736,Adam,Keefe,,1
737,Clar.,Weatherspoon,,23
738,Robert,Horry,,11
739,Chris,Smith,,18
740,Christian,Laettner,,18
741,Gundars,Vetra,,18
742,Corey,Williams,,5
743,Elmore,Spencer,,13
744,Anthony,Peeler,,14
745,Duane,Cooper,,14
746,John,Crotty,,29
747,Stephen,Howard,,29
748,Byron,Houston,,10
749,Keith,Jennings,,10
750,Latrell,Sprewell,,10
751,Bryant,Stith,,8
752,LaPhonso,Ellis,,8
753,Matt,Othick,,27
754,Sam,Mack,,27
755,Anthony,Pullard,,17
756,Malik,Sealy,,12
757,Hubert,Davis,,20
758,Sean,Rooks,,7
759,Walter,Bond,,7
760,Harold,Miner,,16
761,Oliver,Miller,,24
762,Lorenzo,Williams,,4
763,Dave,Johnson,,25
764,Reggie,Smith,,25
765,Tracy,Murray,,25
766,Robert,Werdann,,8
767,Alex,Stivrins,,24
768,Frank,Johnson,,24
769,Randy,Woods,,13
770,Litterial,Green,,22
771,Alonzo,Mourning,,4
772,Alex,Blackwell,,14
773,Isaiah,Morris,,9
774,Doug,Overton,,30
775,Eric,Anderson,,20
776,Tim,Kempton,,24
777,Stan,Kimbrough,,26
778,Jay,Guidinger,,6
779,Gary,Plummer,,8
780,Matt,Geiger,,16
781,Marcus,Webb,,2
782,Jojo,English,,5
783,Marlon,Maxey,,18
784,Jon,Barry,,17
785,Richard,Dumas,,24
786,Radisav,Curcic,,7
787,Andre,Spencer,,1
788,Dexter,Cambridge,,7
789,Joe,Courtney,,5
790,Duane,Washington,,13
791,Melvin,Newbern,,9
792,Ricky,Blanton,,5
793,Jim,Jackson,,7
794,Barry,Stevens,,10
795,Doug,Christie,,14
796,Pat,Durham,,10
797,Thomas,Jordan,,23
798,Gary,Alexander,,16
799,Anfernee,Hardaway,,22
800,Keith,Tower,,22
801,Chris,Whitney,,27
802,Josh,Grant,,10
803,Bobby,Hurley,,26
804,Mike,Peplowski,,26
805,Darnell,Mee,,8
806,Rodney,Rogers,,8
807,Acie,Earl,,2
808,Dino,Radja,,2
809,Chris,Mills,,6
810,Vin,Baker,,17
811,Antonio,Harvey,,14
812,Nick,Van Exel,,14
813,Terry,Dehere,,13
814,James,Robinson,,25
815,Corie,Blount,,5
816,Toni,Kukoc,,5
817,Michael,Curry,,23
818,Shawn,Bradley,,23
819,Warren,Kidd,,23
820,Calbert,Cheaney,,30
821,Mitchell,Butler,,30
822,Tito,Horford,,30
823,Bryon,Russell,,29
824,Luther,Wright,,29
825,Darren,Morningstar,,7
826,Jamal,Mashburn,,7
827,Lucious,Harris,,7
828,Popeye,Jones,,7
829,Eric,Riley,,11
830,Sam,Cassell,,11
831,P.J.,Brown,,3
832,Rex,Walters,,3
833,Antonio,Davis,,12
834,Allan,Houston,,9
835,Lindsey,Hunter,,9
836,Brian,Davis,,18
837,Isaiah,Rider,,18
838,Matt,Wenstrom,,2
839,Scott,Haskin,,12
840,Gerald,Madkins,,6
841,Greg,Graham,,23
842,Ervin,Johnson,,21
843,George,Lynch,,14
844,Bob,Martin,,13
845,Ricky,Grace,,1
846,Sedric,Toney,,6
847,Chris,Webber,,10
848,Gheorghe,Muresan,,30
849,Richard,Petruska,,11
850,Kevin,Thompson,,25
851,Adonis,Jordan,,8
852,Scott,Burrell,,4
853,Dell,Demps,,10
854,Evers,Burns,,26
855,Aaron,Williams,,29
856,Stanley,Jackson,,18
857,David,Wesley,,3
858,Chris,King,,21
859,Doug,Edwards,,1
860,Harold,Ellis,,13
861,Malcolm,Mackey,,24
862,Ben,Coleman,,9
863,Roy,Marble,,8
864,Reggie,Jordan,,14
865,Chad,Gallagher,,29
866,Bo,Outlaw,,13
867,Bill,Edwards,,23
868,Andrew,Gaze,,30
869,Alphonso,Ford,,21
870,Andres,Guibert,,18
871,Skeeter,Henry,,24
872,Chris,Jent,,11
873,Geert,Hammink,,22
874,Jalen,Rose,,8
875,Reggie,Slater,,8
876,Askia,Jones,,18
877,Donyell,Marshall,,18
878,Howard,Eisley,,18
879,Grant,Hill,,9
880,Anthony,Miller,,14
881,Eddie,Jones,,14
882,Dickey,Simpkins,,5
883,Eric,Piatkowski,,13
884,Lamond,Murray,,13
885,Matt,Fish,,13
886,Aaron,McKie,,25
887,Eric,Montross,,2
888,Fred,Vinson,,1
889,Tom,Hovasse,,1
890,Jamie,Watson,,29
891,Khalid,Reeves,,16
892,Brian,Grant,,26
893,Henry,Turner,,26
894,Michael,Smith,,26
895,Antonio,Lang,,24
896,Wesley,Person,,24
897,B.J.,Tyler,,23
898,Derrick,Alston,,23
899,Sharone,Wright,,23
900,Eric,Mobley,,17
901,Darrin,Hancock,,4
902,Bill,Curley,,9
903,Anthony,Tucker,,30
904,Tim,Breaux,,11
905,Zan,Tabak,,11
906,Brooks,Thompson,,22
907,Glenn,Robinson,,17
908,Jason,Kidd,,7
909,Tony,Dumas,,7
910,Monty,Williams,,20
911,Carlos,Rogers,,10
912,Sergei,Bazarevich,,1
913,Julius,Nwosu,,27
914,Trevor,Ruffin,,24
915,Yinka,Dare,,3
916,Greg,Minor,,2
917,Clifford,Rozier,,10
918,Charlie,Ward,,20
919,Dontonio,Wingfield,,21
920,Aaron,Swinson,,24
921,Jim,McIlvaine,,30
922,Juwan,Howard,,30
923,James,Blackwell,,4
924,Ivano,Newbill,,9
925,Dwayne,Morton,,10
926,Chris,Childs,,3
927,Ryan,Lorthridge,,10
928,Elmer,Bennett,,6
929,Darrick,Martin,,18
930,Jerome,Harmon,,23
931,Mark,Strickland,,12
932,Eldridge,Recasner,,8
933,Darrell,Armstrong,,22
934,Derrick,Phelps,,26
935,Cherokee,Parks,,7
936,Loren,Meyer,,7
937,Charles,Claxton,,2
938,Eric,Williams,,2
939,Junior,Burrough,,2
940,Brent,Barry,,13
941,Chris,Carr,,24
942,Michael,Finley,,24
943,Greg,Ostertag,,29
944,Eric,Snow,,21
945,Sherell,Ford,,21
946,Jerry,Stackhouse,,23
947,Jeff,Webster,,30
948,Rasheed,Wallace,,30
949,Arvydas,Sabonis,,25
950,Gary,Trent,,25
951,Randolph,Childress,,25
952,Bryant,Reeves,,15
953,Lawrence,Moten,,15
954,Jason,Caffey,,5
955,George,Zidek,,4
956,Alvin,Heggs,,11
957,Joe,Smith,,10
958,Alan,Henderson,,1
959,Travis,Best,,12
960,Damon,Stoudamire,,28
961,Jimmy,King,,28
962,Ed,O'Bannon,,3
963,Lou,Roe,,9
964,Theo,Ratliff,,9
965,Antonio,McDyess,,8
966,Bob,Sura,,6
967,Donny,Marshall,,6
968,John,Amaechi,,6
969,Tyus,Edney,,26
970,Jerome,Allen,,18
971,Kevin,Garnett,,18
972,Mark,Davis,,18
973,Marques,Bragg,,18
974,Shawn,Respert,,17
975,Fred,Hoiberg,,12
976,Frankie,King,,14
977,Don,Reid,,9
978,Kurt,Thomas,,16
979,Sasha,Danilovic,,16
980,Terrence,Rencher,,16
981,Cory,Alexander,,27
982,Howard,Nathan,,1
983,Todd,Mundt,,1
984,David,Vaughn,,22
985,Log,Vander Velden,,13
986,Ashraf,Amaya,,15
987,Stefano,Rusconi,,24
988,Larry,Sykes,,2
989,Vincenzo,Esposito,,28
990,Corliss,Williamson,,26
991,Rastko,Cvetkovic,,8
992,Corey,Beck,,4
993,Voshon,Lenard,,16
994,Anthony,Goldwire,,4
995,Andrew,DeClercq,,10
996,Richard,Manning,,15
997,Clint,McDaniel,,26
998,Martin,Lewis,,28
999,Dwayne,Whitfield,,28
1000,Mario,Bennett,,24
1001,Melvin,Booker,,11
1002,Darryl,Johnson,,6
1003,John,Coker,,24
1004,Donnie,Boyce,,1
1005,Thomas,Hamilton,,2
1006,Robert,Churchwell,,10
1007,Cuonzo,Martin,,15
1008,Cedric,Lewis,,30
1009,Antoine,Walker,F,2
1010,Brett,Szabo,,2
1011,Brent,Scott,,12
1012,Erick,Dampier,,12
1013,Jerome,Williams,,9
1014,John,Wallace,,20
1015,Walter,McCarty,,20
1016,Marcus,Camby,,28
1017,Donald,Whiteside,,28
1018,Shareef,Abdur-Rahim,F,15
1019,Roy,Rogers,,15
1020,Ben,Wallace,,30
1021,Reggie,Geary,,6
1022,Vitaly,Potapenko,,6
1023,Ed,O'Bannon,F,3
1024,Kerry,Kittles,,3
1025,Erick,Strickland,,7
1026,Darvin,Ham,,8
1027,Stephon,Marbury,G,18
1028,Shane,Heal,,18
1029,Dean,Garrett,,18
1030,Priest,Lauderdale,,1
1031,Ike,Austin,,16
1032,Loy,Vaught,F,13
1033,Lorenzen,Wright,,13
1034,Todd,Fuller,C,10
1035,Ray,Owes,,10
1036,Ray,Allen,G,17
1037,Allen,Iverson,G,23
1038,Mark,Bradtke,,23
1039,Steve,Nash,,24
1040,Ben,Davis,,24
1041,Derek,Fisher,,14
1042,Travis,Knight,,14
1043,Kobe,Bryant,,14
1044,Matt,Maloney,G,11
1045,Othella,Harrington,,11
1046,Randy,Livingston,,11
1047,Emanual,Davis,,11
1048,Shandon,Anderson,,29
1049,Malik,Rose,,4
1050,Tony,Delk,,4
1051,Jeff,McInnis,,8
1052,Dontae',Jones,,20
1053,Nate,Driggers,,2
1054,Samaki,Walker,,7
1055,Amal,McCaskill,,22
1056,James,Scott,,16
1057,Mark,Hendrickson,,23
1058,Aleksandar,Djordjevic,,25
1059,Jermaine,O'Neal,,25
1060,Chris,Robinson,,15
1061,Kevin,Salvadori,,26
1062,Evric,Gray,,3
1063,Moochie,Norris,,15
1064,Devin,Gray,,26
1065,Martin,Muursepp,,16
1066,Gaylon,Nickerson,,27
1067,Marcus,Brown,,25
1068,Robert,Werdann,,3
1069,Ruben,Nembhard,,29
1070,Jamie,Feick,,4
1071,Jason,Sasser,,27
1072,Tony,Farmer,,16
1073,Shawnelle,Scott,,6
1074,Brian,Evans,,22
1075,Steve,Hamer,,2
1076,Dexter,Boney,,24
1077,Michael,Hawkins,,2
1078,Joe,Stephens,,11
1079,Horacio,Llamas,,24
1080,Jimmy,Carruth,,17
1081,Bruce,Bowen,,16
1082,Stevin,Smith,,7
1083,Matt,Steigenga,,5
1084,Kevin,Ollie,,7
1085,Bubba,Wells,,7
1086,Antonio,Daniels,G,15
1087,Tracy,McGrady,,28
1088,Chris,Garner,,28
1089,Tim,Duncan,F,27
1090,Tony,Battie,F,8
1091,Bobby,Jackson,G,8
1092,Danny,Fortson,,8
1093,Eric,Washington,,8
1094,Etdrick,Bohannon,,12
1095,Mark,Pope,,12
1096,Ron,Mercer,G,2
1097,Chauncey,Billups,,2
1098,John,Thomas,,2
1099,Kelvin,Cato,,25
1100,Alvin,Williams,,25
1101,Maurice,Taylor,,13
1102,Keith,Closs,,13
1103,Adonal,Foyle,,10
1104,DeJuan,Wheat,,18
1105,Ed,Gray,,1
1106,Chris,Crawford,,1
1107,Zydrunas,Ilgauskas,C,6
1108,Derek,Anderson,G,6
1109,Brevin,Knight,,6
1110,Cedric,Henderson,,6
1111,Rodrick,Rhodes,,11
1112,Jacque,Vaughn,,29
1113,Troy,Hudson,,29
1114,Jerald,Honeycutt,,17
1115,Jeff,Nordgaard,,17
1116,Tim,Thomas,,23
1117,God,Shammgod,,30
1118,Scot,Pollard,,9
1119,Keith,Van Horn,,3
1120,Michael,Stewart,,26
1121,Anthony,Johnson,,26
1122,Derek,Grimm,,26
1123,Lawrence,Funderburke,,26
1124,Chris,Anstey,,7
1125,Rick,Brunson,,25
1126,Travis,Williams,,4
1127,Tariq,Abdul-Wahad,,26
1128,Charles,Smith,,16
1129,Keith,Booth,,5
1130,Ed,Stokes,,28
1131,Charles,O'Bannon,,9
1132,Austin,Croshere,,12
1133,Rusty,LaRue,,5
1134,Kiwane,Garris,,8
1135,Marko,Milic,,24
1136,Johnny,Taylor,,22
1137,James,Cotton,,21
1138,James,Collins,,13
1139,Anthony,Parker,,23
1140,Jason,Lawson,,22
1141,Kebu,Stewart,,23
1142,Kelly,McCarty,,12
1143,Drew,Barry,,1
1144,Michael,McDonald,,4
1145,Brandon,Williams,,10
1146,William,Cunningham,,29
1147,Shea,Seals,,14
1148,Reggie,Hanson,,2
1149,Rashard,Lewis,,21
1150,Jelani,McCoy,,21
1151,Vladimir,Stepania,,21
1152,Larry,Hughes,,23
1153,Casey,Shaw,,23
1154,Nazr,Mohammed,,23
1155,Ricky,Davis,,4
1156,Brad,Miller,,4
1157,Mikki,Moore,,9
1158,Michael,Doleac,,22
1159,Matt,Harpring,,22
1160,Miles,Simon,,22
1161,Jason,Williams,G,26
1162,Peja,Stojakovic,,26
1163,Jerome,James,,26
1164,Peter,Aluma,,26
1165,Gerard,King,,27
1166,Mark,Baker,,28
1167,Sean,Marks,,28
1168,Paul,Pierce,F,2
1169,Marlon,Garnett,,2
1170,Jahidi,White,,30
1171,Randell,Jackson,,30
1172,Al,Harrington,,12
1173,Shammond,Williams,,1
1174,Jeff,Sheppard,,1
1175,Roshown,McLeod,,1
1176,Pat,Garrity,,24
1177,Gerald,Brown,,24
1178,Toby,Bailey,,24
1179,Michael,Olowokandi,,13
1180,Tyrone,Nesby,,13
1181,Michael,Dickerson,G,11
1182,Bryce,Drew,,11
1183,John,Coker,,11
1184,Cuttino,Mobley,,11
1185,Ruben,Patterson,,14
1186,Sam,Jacobson,,14
1187,Tyronn,Lue,,14
1188,Kornel,David,,5
1189,Cory,Carr,,5
1190,Corey,Benjamin,,5
1191,Paul,Grant,,18
1192,Andrae,Patterson,,18
1193,Raef,LaFrentz,C,8
1194,Keon,Clark,,8
1195,Tyson,Wheeler,,8
1196,Robert,Traylor,,17
1197,Earl,Boykins,,3
1198,Antawn,Jamison,,10
1199,Mike,Bibby,G,15
1200,Felipe,Lopez,,15
1201,J.R.,Henderson,,15
1202,Bonzi,Wells,,25
1203,Damon,Jones,,3
1204,Charles,R. Jones,,5
1205,Ryan,Stack,,6
1206,Brian,Skinner,,13
1207,Jonathan,Kerner,,22
1208,Korleone,Young,,9
1209,Trevor,Winter,,18
1210,Bruno,Sundov,,7
1211,Mirsad,Turkcan,,20
1212,Alvin,Sims,,24
1213,Rasho,Nesterovic,,18
1214,Todd,MacCulloch,,23
1215,Jumaine,Jones,,23
1216,Lamar,Odom,F,13
1217,Obinna,Ekezie,,15
1218,Milt,Palacio,,15
1219,Devean,George,,14
1220,Quincy,Lewis,,29
1221,Scott,Padgett,,29
1222,Andre,Miller,,6
1223,Trajan,Langdon,,6
1224,Anthony,Carter,,16
1225,Rodney,Buford,,16
1226,Shawn,Marion,G,24
1227,James,Posey,F,8
1228,Ryan,Bowen,,8
1229,Adrian,Griffin,F,2
1230,Wayne,Turner,,2
1231,Aleksandar,Radojevic,,28
1232,Steve,Francis,G,11
1233,Kenny,Thomas,,11
1234,Vonteego,Cummings,G,10
1235,Corey,Maggette,,22
1236,Chucky,Atkins,,22
1237,Baron,Davis,,4
1238,Jason,Miskiri,,4
1239,Eddie,Robinson,,4
1240,Derek,Hood,,4
1241,Jeff,Foster,,12
1242,Jason,Terry,,1
1243,Cal,Bowdler,,1
1244,Dion,Glover,,1
1245,Richard,Hamilton,,30
1246,Laron,Profit,,30
1247,Elton,Brand,F,5
1248,Michael,Ruffin,,5
1249,Metta,World Peace,,5
1250,Dedric,Willoughby,,5
1251,Wally,Szczerbiak,F,18
1252,William,Avery,,18
1253,Rick,Hughes,,7
1254,Leon,Smith,,7
1255,Lazaro,Borrell,,21
1256,Jermaine,Jackson,,9
1257,Chris,Herren,,8
1258,John,Celestand,,14
1259,Lari,Ketner,,5
1260,Tim,Young,,10
1261,DeMarco,Johnson,,20
1262,A.J.,Bramlett,,6
1263,Harold,Jamison,,16
1264,Jonathan,Bender,,12
1265,Jamel,Thomas,,2
1266,Evan,Eschmeyer,,3
1267,Greg,Buckner,,7
1268,Tim,James,,16
1269,Rafer,Alston,,17
1270,Ira,Bowman,,23
1271,Derrick,Dial,,27
1272,Calvin,Booth,,30
1273,Maceo,Baston,,17
1274,Jamaal,Magloire,,4
1275,Hanno,Mottola,F,1
1276,DerMarr,Johnson,,1
1277,Pepe,Sanchez,,23
1278,Lavor,Postell,,20
1279,Chris,Mihm,,6
1280,Stephen,Jackson,F,3
1281,Kenyon,Martin,F,3
1282,Soumaila,Samake,,3
1283,Desmond,Mason,G,21
1284,Ruben,Wolkowyski,,21
1285,Stromile,Swift,,15
1286,Joel,Przybilla,,17
1287,Michael,Redd,,17
1288,Eduardo,Najera,F,7
1289,Courtney,Alexander,,7
1290,Hedo,Turkoglu,,26
1291,Khalid,El-Amin,G,5
1292,Marcus,Fizer,,5
1293,A.J.,Guyton,,5
1294,Dragan,Tarlac,,5
1295,Darius,Miles,G,13
1296,Keyon,Dooling,,13
1297,Quentin,Richardson,,13
1298,DeShawn,Stevenson,,29
1299,Mike,Miller,,22
1300,Mark,Madsen,,14
1301,Erick,Barkley,,25
1302,Mateen,Cleaves,,9
1303,Morris,Peterson,,28
1304,Jason,Collier,,11
1305,Daniel,Santiago,,24
1306,Paul,McPherson,,24
1307,Ruben,Garces,,24
1308,Jake,Tsakalidis,,24
1309,Marc,Jackson,,10
1310,Chris,Porter,,10
1311,Jamal,Robinson,,16
1312,Eddie,House,,16
1313,Jerome,Moiso,,2
1314,Mark,Blount,,2
1315,Dan,Langhi,,11
1316,Garth,Joseph,,28
1317,Jake,Voskuhl,,5
1318,Mike,Penberthy,,14
1319,Lee,Nailon,,4
1320,Zendon,Hamilton,,13
1321,Terrance,Roberson,,4
1322,Dalibor,Bagaric,,5
1323,Ira,Newble,,27
1324,Donnell,Harvey,,7
1325,Brian,Cardinal,,9
1326,Slava,Medvedenko,,14
1327,Olumide,Oyedeji,,21
1328,Andy,Panko,,1
1329,Jabari,Smith,,26
1330,Mamadou,N'diaye,,28
1331,Sean,Colson,,1
1332,Art,Long,,26
1333,Mike,Smith,,30
1334,David,Vanterpool,,30
1335,Steve,Goodrich,,5
1336,Eddie,Gill,,3
1337,Wang,Zhi-zhi,,7
1338,Dan,McClintock,,8
1339,Raja,Bell,,23
1340,Jason,Hart,,17
1341,Vladimir,Radmanovic,,21
1342,Earl,Watson,,21
1343,Gerald,Wallace,,26
1344,Jamaal,Tinsley,G,12
1345,Primoz,Brezec,,12
1346,Richard,Jefferson,,3
1347,Brandon,Armstrong,,3
1348,Jason,Collins,,3
1349,Carlos,Arroyo,,28
1350,Michael,Bradley,,28
1351,Steven,Hunter,,22
1352,Andrei,Kirilenko,,29
1353,Alton,Ford,,24
1354,Charlie,Bell,,24
1355,Speedy,Claxton,G,23
1356,Damone,Brown,,23
1357,Loren,Woods,,18
1358,Eddie,Griffin,,11
1359,Oscar,Torres,,11
1360,Tierre,Brown,,11
1361,Terence,Morris,,11
1362,Zeljko,Rebraca,,9
1363,Rodney,White,,9
1365,Joseph,Forte,,2
1366,Kedrick,Brown,,2
1367,DeSagana,Diop,,6
1368,Kwame,Brown,,30
1369,Bobby,Simmons,,30
1370,Etan,Thomas,,30
1371,Ruben,Boumtje-Boumtje,,25
1372,Jason,Richardson,,10
1373,Troy,Murphy,,10
1374,Gilbert,Arenas,,10
1375,Trenton,Hassell,,5
1376,Eddy,Curry,,5
1377,Tang,Hamilton,,16
1378,Shane,Battier,F,15
1379,Will,Solomon,,15
1380,Antonis,Fotsis,,15
1381,Alvin,Jones,,23
1382,Jeff,Trepagnier,,6
1383,Joe,Crispin,,14
1384,Ernest,Brown,,16
1385,Jarron,Collins,,29
1386,Jamison,Brewer,,12
1387,Malik,Allen,,16
1388,Predrag,Drobnjak,,21
1389,Chris,Andersen,,8
1390,Kenny,Satterfield,,8
1391,Brendan,Haywood,,30
1392,Kirk,Haston,,4
1393,Samuel,Dalembert,,23
1394,Mike,James,,16
1395,Maurice,Evans,,18
1396,Jeryl,Sasser,,22
1397,Dean,Oliver,,10
1398,Norman,Richardson,,12
1399,Brian,Scalabrine,,3
1400,Ratko,Varda,,9
1401,Tremaine,Fowlkes,,13
1402,Mengke,Bateer,,8
1403,Ike,Fontaine,,15
1404,Ansu,Sesay,,21
1405,Omar,Cook,,2
1406,John,Salmons,,23
1407,Efthimios,Rentzias,,23
1408,Pat,Burke,C,22
1409,Ryan,Humphrey,,22
1410,Carlos,Boozer,,6
1411,Smush,Parker,,6
1412,Manu,Ginobili,,27
1413,Jannero,Pargo,,14
1414,Kareem,Rush,,14
1415,Frank,Williams,,20
1416,Tayshaun,Prince,,9
1417,Mehmet,Okur,,9
1418,Jared,Jeffries,,30
1419,Juan,Dixon,,30
1420,Nate,Huffman,,28
1421,Chris,Jefferies,,28
1422,Chris,Wilcox,,13
1423,Marko,Jaric,,13
1424,Qyntel,Woods,,25
1425,Jay,Williams,G,5
1426,Lonny,Baxter,,5
1427,J.R.,Bremer,,2
1428,Jiri,Welsch,,10
1429,Mike,Dunleavy,,10
1430,Nikoloz,Tskitishvili,,8
1431,Junior,Harrington,,8
1432,Igor,Rakocevic,,18
1433,Amar'e,Stoudemire,,24
1434,Casey,Jacobsen,,24
1435,Reggie,Evans,F,21
1436,Dan,Gadzuric,C,17
1437,Marcus,Haislip,,17
1438,Flip,Murray,,17
1439,Caron,Butler,F,16
1440,Rasual,Butler,,16
1441,Drew,Gooden,F,15
1442,Gordan,Giricek,,15
1443,Mike,Batiste,,15
1444,Juaquin,Hawkins,,11
1445,Yao,Ming,,11
1446,Bostjan,Nachbar,,11
1447,Fred,Jones,,12
1448,Dan,Dickau,,1
1449,Tamar,Slay,,3
1450,Guy,Rucker,,10
1451,Devin,Brown,,27
1452,Robert,Archibald,,15
1453,Adam,Harrington,,7
1454,Ken,Johnson,,16
1455,Cezary,Trybanski,,15
1456,Dajuan,Wagner,,6
1457,Predrag,Savovic,,8
1458,Tito,Maddox,,11
1459,Melvin,Ely,,13
1460,Sean,Lampley,,16
1461,Vincent,Yarbrough,,8
1462,Mike,Wilks,G,1
1463,Paul,Shirley,,1
1464,Antoine,Rigaudeau,,7
1465,Jamal,Sampson,,17
1466,Roger,Mason Jr.,,5
1467,Chris,Owens,,15
1468,T.J.,Ford,,17
1469,Zoran,Planinic,,3
1470,Josh,Howard,,7
1471,Marquis,Daniels,,7
1472,Luke,Walton,,14
1473,Jerome,Beasley,,16
1474,Willie,Green,,23
1475,Zarko,Cabarkapa,,24
1476,Leandro,Barbosa,,24
1477,Keith,McLeod,,18
1478,Ndudi,Ebi,,18
1479,Boris,Diaw,,1
1480,Travis,Hansen,,1
1481,David,West,,19
1482,Chris,Bosh,,28
1483,Ben,Handlogten,,29
1484,Sasha,Pavlovic,,29
1485,Raul,Lopez,,29
1486,Mo,Williams,,29
1487,Jason,Kapono,,6
1488,Darius,Songaila,,26
1489,Mickael,Pietrus,,10
1490,Britton,Johnsen,F,22
1491,Reece,Gaines,,22
1492,Michael,Sweetney,,20
1493,Marcus,Banks,,2
1494,Francisco,Elson,,8
1495,Darko,Milicic,,9
1496,Jarvis,Hayes,F,30
1497,Steve,Blake,,30
1498,Torraye,Braggs,,11
1499,Chris,Kaman,,13
1500,Luke,Ridnour,,21
1501,Richie,Frahm,,21
1502,Troy,Bell,,15
1503,Kirk,Penney,,16
1504,Matt,Carroll,,25
1505,Kirk,Hinrich,,5
1506,Linton,Johnson,,5
1507,Keith,Bogans,,22
1508,Alex,Garcia,,27
1509,Maciej,Lampe,,24
1510,Theron,Smith,,15
1511,Curtis,Borchardt,,29
1512,Travis,Outlaw,,25
1513,Kendrick,Perkins,,2
1514,Dahntay,Jones,,15
1515,Kaniel,Dickens,,25
1516,Brian,Cook,,14
1517,James,Jones,,12
1518,Brandon,Hunter,,2
1519,Slavko,Vranes,,25
1520,Ronald,Dupree,,5
1521,Ime,Udoka,,14
1522,Matt,Barnes,,13
1523,Maurice,Carter,,14
1524,Desmond,Penigar,,22
1525,Hiram,Fuller,,1
1526,Josh,Davis,,1
1527,Desmond,Ferguson,,25
1528,Sasha,Vujacic,,14
1529,Carlos,Delfino,,9
1530,Kevin,Martin,,26
1531,Erik,Daniels,,26
1532,DJ,Mbenga,,7
1533,Jameer,Nelson,,22
1534,Kirk,Snyder,,29
1535,Kris,Humphries,,29
1536,Nick,Collison,,21
1537,Robert,Swift,,21
1538,Damien,Wilkins,,21
1539,Lionel,Chalmers,,13
1540,Quinton,Ross,,13
1541,Josh,Smith,,1
1542,Josh,Childress,,1
1543,Royal,Ivey,,1
1544,Jackson,Vroman,,24
1545,Yuta,Tabuse,,24
1546,Peter,John Ramos,,30
1547,Sebastian,Telfair,,25
1548,Andris,Biedrins,,10
1549,Rafael,Araujo,,28
1550,Matt,Bonner,,28
1551,Beno,Udrih,,27
1552,Tony,Allen,,2
1553,Al,Jefferson,,2
1554,David,Harrison,,12
1555,John,Edwards,,12
1556,Luke,Jackson,,6
1558,Nenad,Krstic,,3
1559,Emeka,Okafor,F,4
1560,Bernard,Robinson,,4
1561,Andres,Nocioni,F,5
1562,Ben,Gordon,G,5
1563,Jared,Reiner,,5
1564,Chris,Duhon,,5
1565,Mario,Kasun,,22
1566,Pape,Sow,,28
1567,Geno,Carlisle,,25
1568,Awvee,Storey,,3
1569,Tim,Pickett,,19
1570,Matt,Freije,,19
1571,Andre,Barrett,,11
1572,Justin,Reed,,2
1573,Donta,Smith,,1
1574,Delonte,West,,2
1575,Horace,Jenkins,,9
1576,Corsley,Edwards,,19
1577,Antonio,Burks,,15
1578,Tony,Bobbitt,,14
1579,Luis,Flores,,10
1580,Ibrahim,Kutluay,,21
1581,Ha,Ha,,25
1582,James,Thomas,,25
1583,Andre,Emmett,,15
1584,Brandin,Knight,,11
1585,Billy,Thomas,,3
1586,Viktor,Khryapa,,25
1587,Dorell,Wright,,16
1588,Maurice,Baker,,13
1589,Pavel,Podkolzin,,7
1590,Jackie,Butler,,20
1591,Mark,Jones,,22
1592,Fabricio,Oberto,,27
1594,Deng,Gai,,23
1595,Josh,Powell,,7
1596,Dijon,Thompson,,24
1597,Francisco,Garcia,,26
1598,Ronnie,Price,,26
1599,Brandon,Bass,,19
1600,Arvydas,Macijauskas,,19
1601,Deron,Williams,,29
1602,Robert,Whaley,,29
1603,Earl,Barron,,16
1604,Wayne,Simien,,16
1605,Matt,Walsh,,16
1606,Lawrence,Roberts,,15
1607,Hakim,Warrick,,15
1608,Andrew,Bynum,,14
1609,Linas,Kleiza,,8
1610,Daniel,Ewing,,13
1611,James,Singleton,,13
1612,Yaroslav,Korolev,,13
1613,Boniface,Ndong,,13
1614,Johan,Petro,C,21
1615,Sean,May,,4
1616,Sarunas,Jasikevicius,,12
1617,Danny,Granger,,12
1618,Travis,Diener,,22
1619,Jarrett,Jack,,25
1620,Martell,Webster,,25
1621,Rashad,McCants,,18
1622,Nate,Robinson,,20
1623,Ryan,Gomes,,2
1624,Orien,Greene,,2
1625,Donell,Taylor,,30
1626,Joey,Graham,F,28
1627,Charlie,Villanueva,,28
1628,Jason,Maxiell,,9
1629,Luther,Head,,11
1630,Salim,Stoudamire,,1
1631,Esteban,Batista,,1
1632,Chris,Taft,,10
1633,Aaron,Miles,,10
1634,Devin,Green,,14
1635,Monta,Ellis,,10
1636,Kevin,Burleson,,4
1637,Sergei,Monia,G,25
1638,Andre,Owens,,29
1639,Eddie,Basden,,5
1640,Martynas,Andriuskevicius,,6
1641,David,Lee,,20
1642,Von,Wafer,,14
1643,Andray,Blatche,,30
1644,Melvin,Sanders,,27
1645,Shavlik,Randolph,,23
1646,Sharrod,Ford,,24
1647,Alan,Anderson,,4
1648,Julius,Hodge,,8
1649,Rawle,Marshall,,7
1650,Alex,Scales,,27
1651,Gerald,Fitch,,16
1652,Ike,Diogu,,10
1653,Antoine,Wright,,3
1654,Anthony,Roberson,,15
1655,Stephen,Graham,,11
1656,John,Lucas III,,11
1657,Randy,Holcomb,,5
1658,Sean,Banks,,19
1659,Alex,Acker,,9
1660,Bracey,Wright,,18
1661,Chuck,Hayes,,11
1662,Ronny,Turiaf,,14
1663,Dwayne,Jones,,2
1664,James,Lang,,1
1665,Noel,Felix,,21
1666,Luke,Schenscher,,5
1667,Will,Bynum,,10
1668,Anthony,Grundy,,1
1669,Derrick,Zimmerman,,3
1670,Jordan,Farmar,,14
1671,Tyrus,Thomas,,5
1672,Chris,Quinn,,16
1673,Robert,Hite,,16
1674,Cedric,Simmons,,19
1675,Hilton,Armstrong,,19
1676,Leon,Powe,,2
1677,Randy,Foye,,18
1678,Craig,Smith,,18
1679,Patrick,O'Bryant,,10
1680,Damir,Markota,,17
1681,David,Noel,,17
1682,Paul,Davis,,13
1683,Renaldo,Balkman,,20
1684,Mardy,Collins,,20
1685,Alexander,Johnson,,15
1686,Steve,Novak,,11
1687,Vassilis,Spanoulis,,11
1688,Ronnie,Brewer,,29
1689,Brandon,Roy,G,25
1690,Mouhamed,Sene,C,21
1691,Mickael,Gelabale,,21
1692,Adam,Morrison,,4
1693,Walter,Herrmann,,4
1694,Shelden,Williams,F,1
1695,Solomon,Jones,,1
1696,Cedric,Bozeman,,1
1697,Rodney,Carney,,23
1698,Ivan,McFarlin,,23
1699,Jorge,Garbajosa,,28
1700,Andrea,Bargnani,,28
1701,Marcus,Williams,,3
1702,Hassan,Adams,,3
1703,Mile,Ilic,,3
1704,Yakhouba,Diawara,,8
1705,Maurice,Ager,,7
1706,Pops,Mensah-Bonsu,,7
1707,Sergio,Rodriguez,,25
1708,Shannon,Brown,,6
1709,Dee,Brown,,29
1710,Andreas,Glyniadakis,,21
1711,Bobby,Jones,,23
1712,Roger,Powell,,29
1713,Tarence,Kinsey,,15
1714,Allan,Ray,,2
1715,Quincy,Douby,,26
1716,Daniel,Gibson,,6
1717,Marcus,Vinicius,,19
1718,Chris,McCray,,17
1719,Desmon,Farmer,,21
1720,Steven,Smith,,23
1721,Lynn,Greer,,17
1722,Uros,Slokar,,28
1723,Josh,Boone,,3
1724,Will,Blalock,,9
1725,James,White,,27
1726,Andre,Brown,,21
1727,Renaldo,Major,,10
1728,Shawne,Williams,,12
1729,James,Augustine,,22
1730,Kelenna,Azubuike,,10
1731,Justin,Williams,,26
1732,Ryan,Hollins,,4
1733,Will,Conroy,,15
1734,Jeremy,Richardson,,1
1735,Lou,Amundson,,29
1736,Randolph,Morris,,20
1737,Mike,Hall,,30
1738,Kevinn,Pinkney,,2
1739,Luis,Scola,,11
1740,Coby,Karl,,14
1741,Taurean,Green,,25
1742,Darius,Washington,,27
1743,Aaron,Gray,,5
1744,Sean,Williams,,3
1745,Yi,Jianlian,F,17
1746,Nick,Young,,30
1747,Dominic,McGuire,,30
1748,Oleksiy,Pecherov,,30
1749,Courtney,Sims,,12
1750,Juan,Carlos Navarro,,15
1751,Nick,Fazekas,,7
1752,Darryl,Watkins,,26
1753,Mustafa,Shakur,,26
1754,Julian,Wright,,19
1755,DJ,Strawberry,,24
1756,Alando,Tucker,,24
1757,Arron,Afflalo,G,9
1758,Daequan,Cook,,16
1759,Jermareo,Davidson,,4
1760,Acie,Law,,1
1761,Mario,West,,1
1762,Javaris,Crittenton,,14
1763,Glen,Davis,,2
1765,Chris,Richard,,18
1766,Stephane,Lasme,,10
1767,Al,Thornton,,13
1768,Brandan,Wright,,10
1769,Jamario,Moon,,28
1770,Demetris,Nichols,,6
1772,Morris,Almond,,29
1773,Gabe,Pruitt,,2
1774,Joel,Anthony,,16
1775,Spencer,Hawes,,26
1776,Brandon,Wallace,,2
1777,Aaron,Brooks,,11
1778,Cheikh,Samb,,9
1779,Kosta,Perovic,,10
1780,Thomas,Gardner,,5
1781,Carl,Landry,,11
1782,Josh,McRoberts,,25
1783,Kyrylo,Fesenko,,29
1784,Rodney,Stuckey,,9
1785,Marcus,Williams,,27
1786,Keith,Langford,,27
1787,Guillermo,Diaz,,13
1788,C.J.,Watson,,10
1789,Adam,Haluska,,19
1790,JamesOn,Curry,,5
1791,Ramon,Sessions,,17
1792,Mike,Harris,,11
1793,Lance,Allred,,6
1794,Blake,Ahearn,,16
1795,Kasib,Powell,,16
1796,JJ,Hickson,,6
1797,Joe,Alexander,,17
1798,Greg,Oden,C,25
1799,Rudy,Fernandez,,25
1800,Chris,Douglas-Roberts,,3
1802,Kyle,Weaver,,21
1803,Brandon,Rush,,12
1804,Roy,Hibbert,,12
1805,DeMarcus,Nelson,G,10
1806,Anthony,Randolph,,10
1807,Sean,Singletary,,24
1808,Jason,Thompson,,26
1809,Bobby,Brown,,26
1810,Mike,Taylor,,13
1811,O.J.,Mayo,G,15
1812,Darrell,Arthur,,15
1813,Hamed,Haddadi,,15
1814,Joey,Dorsey,,11
1815,Roko,Ukic,,28
1816,Alexis,Ajinca,,4
1817,Sonny,Weems,,8
1818,Marreese,Speights,,23
1819,Donte,Greene,,26
1820,Walter,Sharpe,,9
1821,Rob,Kurz,,10
1822,Henry,Walker,,2
1823,Anthony,Morrow,,10
1824,Othello,Hunter,,1
1825,Steven,Hill,,21
1826,Darnell,Jackson,,6
1827,Sun,Sun,,14
1828,Jawad,Williams,,6
1829,Nathan,Jawai,,28
1830,Cartier,Martin,,4
1831,Malik,Hairston,,27
1832,J.R.,Giddens,,2
1833,Trey,Johnson,,6
1834,Joe,Crawford,,20
1835,Dontell,Jefferson,,4
1836,DJ,White,,21
1837,Chris,Hunter,,20
1838,Rodrigue,Beaubois,,7
1839,David,Andersen,,11
1840,Chase,Budinger,,11
1841,Jermaine,Taylor,,11
1842,Lester,Hudson,,2
1843,DeJuan,Blair,,27
1844,AJ,Price,,12
1845,Gerald,Henderson,,4
1846,Derrick,Brown,,4
1847,Jon,Brockman,,26
1848,Eric,Maynor,,29
1849,Ty,Lawson,,8
1850,Toney,Douglas,,20
1851,Jordan,Hill,,20
1852,Marcus,Landry,,20
1853,Austin,Daye,,9
1854,Hasheem,Thabeet,,15
1855,Sam,Young,,15
1856,Trey,Gilder,,15
1857,Earl,Clark,,24
1858,Terrence,Williams,,3
1859,Jonny,Flynn,G,18
1860,Brandon,Jennings,G,17
1861,DaJuan,Summers,,9
1862,Taylor,Griffin,,24
1863,Tyler,Hansbrough,,12
1864,Marcus,Thornton,,19
1865,Jeff,Ayres,,25
1866,Byron,Mullens,,21
1867,Sundiata,Gaines,,29
1868,Cedric,Jackson,,6
1869,Antonio,Anderson,,21
1870,Reggie,Williams,,10
1871,Othyus,Jeffers,,29
1872,Alonzo,Gee,,30
1873,Oliver,Lafayette,,2
1874,Kenny,Hasbrouck,,16
1875,Derrick,Caracter,,14
1876,Devin,Ebanks,,14
1877,Garret,Siler,,24
1878,Armon,Johnson,,25
1879,Luke,Babbitt,,25
1880,Semih,Erden,,2
1881,Pooh,Jeter,,26
1882,Nikola,Pekovic,,18
1883,Lazar,Hayward,,18
1884,Damion,James,,3
1885,Landry,Fields,G,20
1886,Andy,Rautins,,20
1887,Sherron,Collins,,4
1888,Dominique,Jones,,7
1889,Jeff,Adrien,,10
1890,Jeremy,Evans,,29
1891,Gary,Forbes,,8
1892,Jordan,Crawford,,1
1893,Xavier,Henry,,15
1894,Larry,Sanders,,17
1895,Omer,Asik,,5
1896,Cole,Aldrich,,21
1897,James,Anderson,,27
1898,Gary,Neal,,27
1899,Manny,Harris,,6
1900,Trevor,Booker,,30
1901,Hamady,Ndiaye,,30
1902,Samardo,Samuels,,6
1903,Luke,Harangody,,2
1904,Kevin,Seraphin,,30
1905,Greivis,Vasquez,,15
1906,Tiago,Splitter,,27
1907,Willie,Warren,,13
1908,Elliot,Williams,,25
1909,Solomon,Alabi,,28
1910,Craig,Brackins,,23
1911,Ben,Uzoh,,3
1912,Gani,Lawal,,24
1913,Christian,Eyenga,,6
1914,Zabian,Dowdell,,24
1915,Larry,Owens,,27
1916,Chris,Johnson,,25
1917,Pape,Sy,,1
1918,Marcus,Cousin,,29
1919,Jerel,McNeal,,19
1920,Patrick,Ewing,,19
1921,Dexter,Pittman,,16
1922,Marqus,Blakely,,11
1923,Justin,Harper,,22
1924,JaJuan,Johnson,,2
1925,Greg,Stiemsma,,2
1926,Josh,Harrellson,,20
1927,Jerome,Jordan,,20
1928,Travis,Leslie,,13
1929,Trey,Thompkins,,13
1930,Charles,Jenkins,,10
1931,Jeremy,Tyler,,10
1932,Andrew,Goudelock,,14
1933,Norris,Cole,,16
1934,Terrel,Harris,,16
1935,Mickell,Gladness,,16
1937,Josh,Selby,,15
1939,Tyler,Honeycutt,,26
1940,Vernon,Macklin,,9
1941,Derrick,Williams,,18
1942,Malcolm,Lee,,18
1943,Nolan,Smith,,25
1944,Darington,Hobson,,17
1945,Cory,Higgins,,4
1946,Dennis,Horner,,3
1947,Chris,Singleton,,30
1948,Carldell,Johnson,,19
1949,Ivan,Johnson,,1
1950,Chris,Wright,,10
1951,Daniel,Orton,,22
1952,Gustavo,Ayon,,19
1953,Jordan,Hamilton,,8
1954,Jan,Vesely,,30
1955,Julyan,Stone,,8
1956,Jordan,Williams,,3
1957,Darius,Morris,,14
1958,Mychel,Thompson,,6
1959,Lavoy,Allen,,23
1960,Donald,Sloan,,1
1961,Malcolm,Thomas,,27
1962,Courtney,Fortson,,13
1963,Ryan,Reid,,21
1964,Greg,Smith,,11
1965,Eric,Dawson,,27
1966,DeAndre,Liggins,,22
1967,Walker,Russell,,9
1968,Jeff,Foote,,19
1969,Jerry,Smith,,3
1970,Edwin,Ubiles,,30
1971,Justin,Dentmon,,27
1972,Keith,Benson,,10
1973,Jerome,Dyson,,19
1974,D.J.,Kennedy,,6
1975,Derrick,Byars,,27
1976,Xavier,Silas,,23
1977,Diamon,Simpson,,11
1978,Jared,Sullinger,,2
1979,Kris,Joseph,,2
1981,Bernard,James,,7
1982,Robert,Sacre,,14
1984,Kevin,Murphy,,29
1985,Victor,Claver,,25
1986,Joel,Freeland,,25
1987,Terrence,Jones,,11
1989,Royce,White,,11
1990,Kim,English,,9
1991,Kyle,Singler,,9
1992,Nando,De Colo,,27
1993,Brian,Roberts,,19
1994,Ben,Hansbrough,,12
1995,Orlando,Johnson,,12
1996,Thomas,Robinson,,26
1997,Marquis,Teague,,5
1998,Festus,Ezeli,,10
1999,Kendall,Marshall,,24
2000,Luke,Zeller,,24
2001,Quincy,Miller,,8
2002,Maalik,Wayns,,23
2003,Arnett,Moultrie,,23
2004,Tony,Wroten,,15
2005,Perry,Jones III,,21
2006,Alexey,Shved,,18
2008,Pablo,Prigioni,,20
2009,Chris,Copeland,,20
2010,Doron,Lamb,,17
2011,Jeffery,Taylor,,4
2012,Andrew,Nicholson,,22
2013,Tornike,Shengelia,,3
2014,Tyshawn,Taylor,,3
2015,Mirza,Teletovic,,3
2016,Scott,Machado,,11
2017,DeQuan,Jones,F,22
2018,Viacheslav,Kravtsov,,9
2019,Diante,Garrett,,24
2020,Quincy,Acy,,28
2021,Darius,Johnson-Odom,,14
2022,Kevin,Jones,,6
2023,Jarvis,Varnado,,2
2024,Chris,Johnson,,15
2025,Fab,Melo,,2
2026,Tim,Ohlbrecht,,11
2027,Henry,Sims,,19
2028,Chris,Wright,,7
2029,Josh,Akognon,,7
2030,Ryan,Kelly,,14
2031,Erik,Murphy,,5
2032,Vitor,Faverani,C,2
2033,Phil,Pressey,,2
2034,Dwight,Buycks,,28
2035,Elias,Harris,,14
2036,Ognjen,Kuzmic,,10
2037,Nemanja,Nedovic,,10
2038,Glen,Rice,,30
2039,Peyton,Siva,,9
2040,Tony,Mitchell,,9
2041,Gigi,Datome,,9
2042,Arinze,Onuaku,,19
2043,Jeff,Withey,,19
2044,Nate,Wolters,,17
2045,Miroslav,Raduljica,,17
2046,Nick,Calathes,,15
2047,Jamaal,Franklin,,15
2049,Pero,Antic,,1
2050,Gal,Mekel,,7
2051,Ricky,Ledo,,7
2052,Robbie,Hummel,,18
2053,Shabazz,Muhammad,,18
2054,Brandon,Davies,,23
2055,Hollis,Thompson,,23
2056,Archie,Goodwin,,24
2057,Dionte,Christmas,,24
2058,Toure',Murry,,20
2059,James,Southerland,,4
2060,Sergey,Karasev,,6
2061,Ray,McCallum,,26
2062,Carrick,Felix,,6
2063,Chris,Smith,,20
2064,Shane,Larkin,,7
2065,Vander,Blue,,2
2066,Adonis,Thomas,,22
2067,Chris,Babb,,2
2068,Tony,Mitchell,,17
2069,Justin,Hamilton,,4
2070,Jorge,Gutierrez,,3
2071,Shane,Edwards,,6
2072,Casper,Ware,,23
2074,Willie,Reed,,26
2077,Kostas,Papanikolaou,,11
2078,PJ,Hairston,,4
2079,KJ,McDaniels,,23
2081,Damjan,Rudez,,12
2082,Shayne,Whittington,,12
2083,Cory,Jefferson,,3
2084,James,Young,,2
2085,Lucas,Nogueira,,28
2086,Jordan,Adams,,15
2087,Jarnell,Stokes,,15
2088,Tyler,Ennis,,24
2089,Cameron,Bairstow,,5
2090,Cleanthony,Early,,20
2091,Travis,Wear,,20
2073,Scotty,Hopson,,21
2092,Alex,Kirk,,6
2093,Zoran,Dragic,,24
2094,Nick,Johnson,,11
2095,Andre,Dawkins,,16
2096,Russ,Smith,,19
2097,Patric,Young,,19
2098,Will,Cherry,,6
2101,Erick,Green,,8
2102,Adreian,Payne,,1
2103,Drew,Gordon,,23
2104,Markel,Brown,,3
2108,Ronald,Roberts Jr.,,23
2109,Damien,Inglis,,17
2111,Mitch,McGary,,21
2112,Furkan,Aldemir,,23
2113,Patrick,Christopher,,29
2114,Elijah,Millsap,,29
2115,Larry,Drew II,,23
2116,James,Michael McAdoo,,10
2118,Joffrey,Lauvergne,,8
2119,Jack,Cooley,,29
2120,Bryce,Cotton,,29
2121,Jerrelle,Benimon,,29
2122,Jarell,Eddie,,1
2123,Jabari,Brown,,14
2124,Sean,Kilpatrick,,18
2125,David,Wear,,26
2126,Sim,Bhullar,,26
2127,Darrun,Hilliard,,9
2128,Lamar,Patterson,,1
2129,Sasha,Kaun,,6
2130,Tibor,Pleiss,,29
2131,Rashad,Vaughn,,17
2132,Aaron,Harrison,,4
2134,Luis,Montero,,25
2135,Marcelo,Huertas,,14
2136,Anthony,Brown,,14
2137,Jordan,Mickey,,2
2138,Edy,Tavares,,1
2140,Duje,Dukan,,26
2141,Cliff,Alexander,,25
2142,Josh,Huestis,,21
2143,Branden,Dawson,,13
2144,Rakeem,Christmas,,12
2145,JJ,O'Brien,,29
2146,Keith,Appling,,22
2147,Bryce,Dejean-Jones,,19
2149,Chris,McCullough,,3
2150,Alex,Stepheson,,13
2107,Grant,Jerrett,,9
2152,Briante,Weber,G,15
2153,Coty,Clarke,,2
2154,Xavier,Munford,,15
2155,John,Holland,,2
2156,Mindaugas,Kuzminskas,,20
2157,Nicolas,Laprovittola,,27
2159,Joel,Bolomboy,,29
2161,Kyle,Wiltjer,,11
2163,Michael,Gbinije,,9
2110,Johnny,O'Bryant III,,17
2165,Nicolas,Brussino,,7
2166,Paul,Zipser,,5
2167,Diamond,Stone,,13
2168,Daniel,Ochefu,,30
2170,Malcolm,Delaney,,1
2171,AJ,Hammons,,7
2172,Kay,Felder,,6
2173,Stephen,Zimmerman,,22
2174,Maurice,Ndour,,20
2176,Georgios,Papagiannis,,26
2177,Tim,Quarterman,,25
2179,Marshall,Plumlee,,20
2180,Chinanu,Onuaku,,11
2181,Pierre,Jackson,,7
2182,Okaro,White,,16
2183,Mike,Tobey,,4
2184,Marcus,Georges-Hunt,,16
2185,Brice,Johnson,,13
2186,Ben,Bentil,,7
2187,Shawn,Long,,23
2191,Patricio,Garino,,22
2192,Charles,Cooke,,19
2193,Jalen,Jones,,19
2195,Alec,Peters,,24
2197,Matt,Williams Jr.,,16
2169,Sheldon,Mac,,6
2198,Brandon,Paul,,27
2199,Dakari,Johnson,,21
2200,Mike,Young,,30
2201,Gian,Clavell,,7
2196,Mike,James,,3
24102396,Trevon,Scott,F,6
2203,Mangok,Mathiang,,4
2204,Marcus,Paige,,4
2206,Matt,Costello,,27
2207,Jacob,Wiley,,3
2209,Vincent,Hunter,,15
2210,Jamil,Wilson,,13
2212,Jacob,Pullen,,23
2214,Yakuba,Ouattara,,3
2217,Jamel,Artis,,22
2218,Kyle,Collinsworth,,7
2220,Reggie,Hearn,,9
2221,Nigel,Hayes,,14
2224,James,Webb III,,3
2227,Andrew,White III,,1
2228,Trey,McKinney-Jones,,12
2230,Xavier,Rathan-Mayes,,15
2231,Rodney,Purvis,,22
2232,Jameel,Warney,,7
2233,Omari,Johnson,,15
2234,Andre,Ingram,,14
2235,Aaron,Jackson,,11
2236,Brian,Taylor,,13
2237,Freeman,Williams,,13
2238,Jerome,Whitehead,,13
2239,Joe,Bryant,,13
2240,Nick,Weatherspoon,,13
2241,Sidney,Wicks,,13
2242,Swen,Nater,,13
2243,World,Free,,13
2244,Don,Ford,,14
2245,Jamaal,Wilkes,,14
2246,Jim,Chones,,14
2247,Kareem,Abdul-Jabbar,,14
2248,Michael,Cooper,,14
2249,Norm,Nixon,,14
2250,Ron,Boone,,14
2251,Spencer,Haywood,,14
2252,Cedric,Maxwell,,2
2253,Chris,Ford,,2
2254,Dave,Cowens,,2
2255,Don,Chaney,,2
2256,Eric,Fernsten,,2
2257,Jeff,Judkins,,2
2258,M.L.,Carr,,2
2259,Nate,Archibald,,2
2260,Rick,Robey,,2
2261,Calvin,Murphy,,11
2262,Dwight,Jones,,11
2263,Major,Jones,,11
2264,Mike,Dunleavy,,11
2265,Rick,Barry,,11
2266,Rudy,Tomjanovich,,11
2267,Rudy,White,,11
2268,Tom,Henderson,,11
2269,Bob,Dandridge,,30
2270,Elvin,Hayes,,30
2271,Greg,Ballard,,30
2272,Kevin,Grevey,,30
2273,Kevin,Porter,,30
2274,Larry,Wright,,30
2275,Roger,Phegley,,30
2276,Wes,Unseld,,30
2277,Bobby,Jones,,23
2278,Caldwell,Jones,,23
2279,Darryl,Dawkins,,23
2280,Doug,Collins,,23
2281,Eric,Money,,23
2282,Henry,Bibby,,23
2283,Julius,Erving,,23
2284,Steve,Mix,,23
2285,Armond,Hill,,1
2286,Charlie,Criss,,1
2287,Dan,Roundfield,,1
2288,Eddie,Johnson,,1
2289,Jack,Givens,,1
2290,John,Drew,,1
2291,Ron,Lee,,1
2292,Steve,Hawes,,1
2293,Terry,Furlow,,1
2294,Tom,McMillen,,1
2295,Geoff,Huston,,20
2296,Hollis,Copeland,,20
2297,Jim,Cleamons,,20
2298,Joe,Meriweather,,20
2299,Larry,Demic,,20
2300,Micheal,Ray Richardson,,20
2301,Mike,Glenn,,20
2302,Ray,Williams,,20
2303,Sly,Williams,,20
2304,Toby,Knight,,20
2305,Abdul,Jeelani,,25
2306,Jim,Brewer,,25
2307,Jim,Paxson,,25
2308,Kermit,Washington,,25
2309,Kevin,Kunnert,,25
2310,Larry,Steele,,25
2311,Lionel,Hollins,,25
2312,Ron,Brewer,,25
2313,Tom,Owens,,25
2314,Allan,Bristow,,29
2315,Ben,Poquette,,29
2316,Don,Williams,,29
2317,Greg,Deane,,29
2318,James,Hardy,,29
2319,John,Gianelli,,29
2320,Paul,Dawkins,,29
2321,Pete,Maravich,,29
2322,Robert,Smith,,29
2323,Bob,Lanier,,9
2324,Bob,McAdoo,,9
2325,Greg,Kelser,,9
2326,Jim,McElroy,,9
2327,John,Shumate,,9
2328,Leon,Douglas,,9
2329,Phil,Hubbard,,9
2330,Roylee,Hamilton,,9
2331,Terry,Duerod,,9
2332,Terry,Tyler,,9
2333,Billy,Knight,,12
2334,Clemon,Johnson,,12
2335,Dudley,Bradley,,12
2336,Johnny,Davis,,12
2337,Mickey,Johnson,,12
2338,Mike,Bantom,,12
2339,Tony,Zeno,,12
2340,Calvin,Natt,,3
2341,Eddie,Jordan,,3
2342,George,Johnson,,3
2343,Jan,Van Breda Kolff,,3
2344,John,Williamson,,3
2345,Ralph,Simpson,,3
2346,Rich,Kelley,,3
2347,Bill,Willoughby,,6
2348,Bingo,Smith,,6
2349,Campy,Russell,,6
2350,Dave,Robisch,,6
2351,Earl,Tatum,,6
2352,John,Lambert,,6
2353,Kenny,Carr,,6
2354,Mike,Mitchell,,6
2355,Randy,Smith,,6
2356,Willie,Smith,,6
2357,Alvan,Adams,,24
2358,Alvin,Scott,,24
2359,Don,Buse,,24
2360,Garfield,Heard,,24
2361,Jeff,Cook,,24
2362,Joel,Kramer,,24
2363,Johnny,High,,24
2364,Mike,Bratz,,24
2365,Paul,Westphal,,24
2366,Truck,Robinson,,24
2367,Clifford,Ray,,10
2368,John,Coughran,,10
2369,John,Lucas,,10
2370,Jojo,White,,10
2371,Purvis,Short,,10
2372,Raymond,Townsend,,10
2373,Sonny,Parker,,10
2374,Thomas,Wilson,,10
2375,Tom,Abernethy,,10
2376,Bill,Robinzine,,26
2377,Billy,McKinney,,26
2378,Ernie,Grunfeld,,26
2379,Marlon,Redmond,,26
2380,Mike,Green,,26
2381,Otis,Birdsong,,26
2382,Phil,Ford,,26
2383,Reggie,King,,26
2384,Sam,Lacey,,26
2385,Scott,Wedman,,26
2386,Brian,Winters,,17
2387,Dave,Meyers,,17
2388,Harvey,Catchings,,17
2389,Junior,Bridgeman,,17
2390,Kent,Benson,,17
2391,Lloyd,Walton,,17
2392,Marques,Johnson,,17
2393,Quinn,Buckner,,17
2394,Richard,Washington,,17
2395,Alonzo,Bradley,,11
2396,Anthony,Roberts,,8
2397,Bo,Ellis,,8
2398,Bob,Wilkerson,,8
2399,Charlie,Scott,,8
2400,Dan,Issel,,8
2401,David,Thompson,,8
2402,Gary,Garland,,8
2403,George,McGinnis,,8
2404,John,Roche,,8
2405,Kim,Hughes,,8
2406,Austin,Carr,,6
2407,Walt,Frazier,,6
2408,Billy,Paultz,,27
2409,George,Gervin,,27
2410,Irv,Kiffin,,27
2411,James,Silas,,27
2412,Kevin,Restani,,27
2413,Larry,Kenon,,27
2414,Mark,Olberding,,27
2415,Mike,Evans,,27
2416,Mike,Gale,,27
2417,Paul,Griffin,,27
2418,Gus,Bailey,,30
2419,Phil,Chenier,,30
2420,Artis,Gilmore,,5
2421,Coby,Dietrick,,5
2422,Del,Beshore,,5
2423,Mark,Landsberger,,5
2424,Ollie,Johnson,,5
2425,Ricky,Sobers,,5
2426,Scott,May,,5
2427,Corky,Calhoun,,12
2428,Stan,Pietkiewicz,,13
2429,Dennis,Johnson,,21
2430,Fred,Brown,,21
2431,Gus,Williams,,21
2432,James,Bailey,,21
2433,John,Johnson,,21
2434,Lonnie,Shelton,,21
2435,Paul,Silas,,21
2436,Tom,LaGarde,,21
2437,Roger,Brown,,5
2438,Sammy,Smith,,5
2439,Tom,Boswell,,8
2440,Wally,Walker,,21
2441,Mike,Newlin,,3
2442,Tim,Bassett,,3
2443,Winford,Boynes,,3
2444,Bernard,Toone,,23
2445,Jim,Spanarkel,,23
2446,Gus,Gerard,,26
2447,Brad,Holland,,14
2448,Bob,Carrington,,13
2449,Dennis,Awtrey,,5
2450,Joey,Hassett,,12
2451,Foots,Walker,,6
2452,Dave,Twardzik,,25
2453,Wiley,Peck,,27
2454,John,Kuester,,12
2455,George,Johnson,,8
2456,Allen,Leavell,,11
2457,Clint,Richardson,,23
2458,Maurice,Lucas,,25
2459,Marty,Byrnes,,14
2460,Ollie,Mack,,14
2461,Bob,Elliott,,3
2462,Earl,Evans,,9
2463,John,Mengelt,,5
2464,Bob,Gross,,25
2465,Steve,Malovic,,30
2466,Andre,Wakefield,,29
2467,John,Brown,,29
2468,Terry,Crosby,,26
2469,Ron,Carter,,12
2470,John,Olive,,13
2471,Tom,Burleson,,26
2472,Mitch,Kupchak,,30
2473,Mack,Calvin,,29
2474,Len,Elmore,,26
2475,Glen,Gondrezick,,8
2476,Sam,Pellom,,1
2477,Earl,Monroe,,20
2478,Darnell,Hillman,,10
2479,Phil,Smith,,10
2480,Sylvester,Norris,,27
2481,Rick,Wilson,,1
2482,Jackie,Robinson,,9
2483,Al,Skinner,,23
2484,Bill,Walton,,13
2485,Butch,Lee,,6
2486,Marvin,Barnes,,13
2487,Phil,Jackson,,3
2488,Billyray,Bates,,25
2489,Marvin,Webster,,20
2490,Harry,Davis,,27
2491,Arvid,Kramer,,8
2492,Lawrence,Boston,,30
2493,Lynbert,Johnson,,10
2494,Ron,Behagen,,30
2495,Carl,Kilpatrick,,29
2496,Carl,Nicks,,8
2497,Cedrick,Hordges,,8
2498,Kenny,Higgs,,8
2499,Johnny,Moore,,27
2500,Reggie,Johnson,,27
2501,Kyle,Macy,,24
2502,Mike,Niles,,24
2503,Billy,Reid,,10
2504,Lorenzo,Romar,,10
2505,Rickey,Brown,,10
2506,Alan,Hardy,,14
2507,Darwin,Cook,,3
2508,Mike,O'Koren,,3
2509,Jerry,Sichting,,12
2510,Louis,Orr,,12
2511,Mike,Harper,,25
2512,Michael,Brooks,,13
2513,Calvin,Garrett,,11
2514,Keith,Herron,,9
2515,Tony,Fuller,,9
2516,Wayne,Robinson,,9
2517,Wes,Matthews,,30
2518,Charles,Whitney,,26
2519,Brett,Vroman,,29
2520,John,Duren,,29
2521,Craig,Shelton,,1
2522,Don,Collins,,1
2523,James,Wilkes,,5
2524,Sam,Worthen,,5
2525,Chad,Kinch,,6
2526,Walter,Jordan,,6
2527,Lowes,Moore,,3
2528,Darrell,Allums,,7
2529,Ralph,Drollinger,,7
2530,Reggie,Carter,,20
2531,Butch,Carter,,14
2532,Lee,Johnson,,11
2533,Kelvin,Ransey,,25
2534,Bill,Hanzlik,,21
2535,Dewayne,Scales,,20
2536,Art,Collins,,1
2537,Kenny,Natt,,12
2538,Wally,Rank,,13
2539,Monti,Davis,,23
2540,Carlos,Terry,,30
2541,Jamesearl,Ray,,8
2542,Ronnie,Lester,,5
2543,Tony,Price,,13
2544,Wayne,Kreklow,,2
2545,Andrew,Toney,,23
2546,Scott,Lloyd,,7
2547,Ron,Davis,,13
2548,Tony,Jackson,,14
2549,Dick,Miller,,12
2550,Myles,Patrick,,14
2551,Edgar,Jones,,3
2552,Michael,Wiley,,27
2553,Ron,Valentine,,8
2554,Jeff,Wilkins,,29
2555,John,Stroud,,11
2556,Norman,Black,,9
2557,David,Britton,,30
2558,Keith,McCord,,30
2559,Andre,McCarter,,30
2560,Lewis,Brown,,30
2561,Mel,Bennett,,29
2562,Frankie,Sanders,,26
2563,Jacky,Dorsey,,21
2564,Ed,Lawrence,,9
2565,Jeffrey,Crompton,,25
2566,Clarence,Kea,,7
2567,Bill,Mayfield,,10
2568,Peter,Verhoeven,,25
2569,Franklin,Edwards,,23
2570,Mickey,Dillard,,6
2571,Roger,Burkman,,5
2572,Joe,Cooper,,3
2573,Ray,Tolbert,,3
2574,Charles,Bradley,,2
2575,Tracy,Jackson,,2
2576,Charlie,Davis,,30
2577,Garry,Witts,,30
2578,Kevin,Loder,,26
2579,Gene,Banks,,27
2580,Bobby,Cattage,,29
2581,Howard,Wood,,29
2582,Elston,Turner,,7
2583,Jay,Vincent,,7
2584,Kevin,McKenna,,14
2585,Hank,McDowell,,10
2586,Samuel,Williams,,10
2587,Danny,Vranes,,21
2588,Ed,Rains,,27
2589,Rudy,Macklin,,1
2590,Jim,Smith,,13
2591,John,Douglas,,13
2592,Jeff,Lamp,,25
2593,Alex,Bradley,,20
2594,Ray,Blume,,5
2595,Mike,McGee,,14
2596,Craig,Dykema,,24
2597,John,McCullough,,24
2598,David,Burns,,3
2599,Kurt,Nimphius,,7
2600,Lewis,Lloyd,,10
2601,Jim,Brogan,,13
2602,Glenn,Hagan,,9
2603,Petur,Gudmundsson,,25
2604,Mark,Radford,,21
2605,Al,Wood,,1
2606,Kevin,Stacom,,17
2607,Steve,Hayes,,27
2608,Kenny,Dennard,,26
2609,Rich,Yonakor,,27
2610,Larry,Spriggs,,11
2611,Brad,Branson,,6
2612,Clay,Johnson,,14
2613,Carl,Bailey,,25
2614,Rock,Lee,,13
2615,Edmund,Sherod,,3
2616,Eddie,Phillips,,3
2617,Richard,Anderson,,13
2618,David,Thirdkill,,24
2619,Rory,White,,24
2620,Jerry,Eaves,,29
2621,Brook,Steppe,,26
2622,Audie,Norris,,25
2623,Bruce,Flowers,,6
2624,Dave,Magley,,6
2625,Darren,Tillis,,2
2626,Jeff,Taylor,,11
2627,Chris,Engler,,10
2628,Clark,Kellogg,,12
2629,Bryan,Warrick,,30
2630,Rob,Williams,,8
2631,Bill,Garnett,,7
2632,Vince,Taylor,,20
2633,Marc,Iavaroni,,23
2634,Mitchell,Anderson,,23
2635,Russ,Schoene,,23
2636,Dave,Batton,,30
2637,Rickey,Williams,,29
2638,Walker,Russell,,9
2639,Jim,Zoet,,9
2640,Keith,Edmonson,,1
2641,Steve,Lingenfelter,,30
2642,Guy,Morgan,,12
2643,Jose,Slaughter,,12
2644,Linton,Townes,,25
2645,Jim,Johnstone,,27
2646,Oliver,Robinson,,27
2647,Willie,Jones,,13
2648,Corny,Thompson,,7
2649,Dwight,Anderson,,8
2650,John,Cox,,30
2651,Charlie,Pittman,,24
2652,John,Greig,,21
2653,Joe,Kopicki,,30
2654,Michael,Davis,,20
2655,Moses,Malone,,27
2656,Howard,Carter,,8
2657,Bruce,Kuczenski,,3
2658,John,Pinone,,1
2659,Darren,Daye,,30
2660,Mike,Wilson,,30
2661,Scooter,McCray,,21
2662,Pace,Mannion,,10
2663,Paul,Thompson,,6
2664,Granville,Waiters,,12
2665,Leroy,Combs,,12
2666,Sidney,Lowe,,12
2667,Steve,Stipanovich,,12
2668,Kevin,Williams,,27
2669,John,Garris,,6
2670,Stewart,Granger,,6
2671,Carlos,Clark,,2
2672,Leo,Rautins,,23
2673,Rod,Foster,,24
2674,Dane,Suttle,,26
2675,Darrell,Lockhart,,27
2676,Mark,Jones,,3
2677,Larry,Micheaux,,26
2678,Mike,Gibson,,30
2679,Ken,Austin,,9
2680,Tom,Piotrowski,,25
2681,Russell,Cross,,10
2682,Wallace,Bryant,,5
2683,Bob,Miller,,27
2684,Brant,Weidner,,27
2685,Cory,Blackwell,,21
2686,Mel,Turpin,,6
2687,Chuck,Aleksinas,,10
2688,Othell,Wilson,,10
2689,Peter,Thibeaux,,10
2690,Michael,Holton,,24
2691,Wayne,Sappleton,,3
2692,Tom,Sewell,,30
2693,Kenny,Fields,,17
2694,Devin,Durrant,,12
2695,Ozell,Jones,,27
2696,Lancaster,Gordon,,13
2697,Bernard,Thompson,,25
2698,Charles,Jones,,24
2699,Tom,Scheffler,,25
2700,Willie,White,,8
2701,Guy,Williams,,30
2702,Charlie,Sitton,,7
2703,Terence,Stansbury,,12
2704,Rick,Carlisle,,2
2705,Dale,Wilkinson,,9
2706,Jay,Murphy,,13
2707,Tom,Sluby,,7
2708,Earl,Jones,,14
2709,Ralph,Jackson,,12
2710,Ron,Cavenall,,20
2711,John,Schweitz,,21
2712,Michael,Young,,24
2713,David,Pope,,26
2714,Kent,Edelin,,12
2715,Butch,Graves,,6
2716,Dirk,Minniefield,,6
2717,Lorenzo,Charles,,1
2718,Perry,Moss,,30
2719,Carey,Scurry,,29
2720,Steve,Harris,,11
2721,Carl,Henry,,26
2722,David,Cooke,,26
2723,Ron,Crevier,,10
2724,Bill,Martin,,12
2725,Dwayne,McClain,,12
2726,Yvon,Joseph,,3
2727,Uwe,Blab,,7
2728,Mike,Phelps,,21
2729,Alfredrick,Hughes,,27
2730,Ken,Johnson,,25
2731,Pete,Williams,,8
2732,Kenny,Green,,30
2733,Brian,Martin,,21
2734,Mike,Brittain,,27
2735,Fred,Cofield,,20
2736,Georgi,Glouchkov,,24
2737,Greg,Stokes,,23
2738,Voise,Winters,,23
2739,Keith,Lee,,6
2740,Harold,Keeling,,7
2741,Claude,Gregory,,30
2742,Jeff,Cross,,13
2743,Chris,McNealy,,20
2744,Ben,McDonald,,6
2745,Jerome,Henderson,,14
2746,Derrick,Rowland,,17
2747,Nick,Vanos,,24
2748,Ken,Green,,20
2749,Myron,Jackson,,7
2750,Mo,Martin,,8
2751,Anthony,Jones,,30
2752,Fernando,Martin,,25
2753,Walter,Berry,,25
2754,Keith,Smith,,17
2755,Dwayne,Washington,,3
2756,Mckinley,Singleton,,20
2757,Grant,Gondrezick,,24
2758,Chris,Washburn,,10
2759,Bruce,Douglas,,26
2760,Johnny,Rogers,,26
2761,Cedric,Henderson,,1
2762,Conner,Henry,,11
2763,Dwayne,Polee,,13
2764,Steffond,Johnson,,13
2765,Adrian,Branch,,14
2766,Harold,Pressley,,26
2767,Forrest,McKenzie,,27
2768,Curtis,Kitchen,,21
2769,Jim,Lampley,,23
2770,Dennis,Nutt,,7
2771,Cozell,McQueen,,9
2772,Perry,Young,,5
2773,Kevin,Henderson,,10
2774,Joe,Binion,,25
2775,Ron,Rowan,,25
2776,Brad,Wright,,20
2777,Ralph,Lewis,,9
2778,John,Stroeder,,17
2779,Nikita,Wilson,,25
2780,Dallas,Comegys,,3
2781,Jamie,Waller,,3
2782,Andre,Moore,,8
2783,Martin,Nessley,,13
2784,Norris,Coleman,,13
2785,Chris,Welp,,23
2786,Nate,Blackwell,,27
2787,Joe,Arlauckas,,26
2788,Michael,Jackson,,26
2789,Clinton,Wheeler,,12
2790,Ron,Moore,,9
2791,Tony,White,,5
2792,Kannard,Johnson,,6
2793,Winston,Crite,,24
2794,Rickie,Winslow,,17
2795,Brian,Rowsom,,12
2796,Billy,Donovan,,20
2797,Ronnie,Murphy,,25
2798,Scott,Roth,,29
2799,Ricky,Wilson,,3
2800,Dave,Henderson,,23
2801,Phil,Zevenbergen,,27
2802,Eddie,Hughes,,29
2803,Eric,White,,13
2804,Mark,Wade,,10
2805,Richard,Rellford,,27
2806,Richard,Morton,,12
2807,Mark,Davis,,17
2808,Wayne,Englestad,,8
2809,Rolando,Ferreira,,25
2810,Dominic,Pressley,,30
2811,Anthony,Taylor,,16
2812,Sylvester,Gray,,16
2813,Ben,Gillery,,26
2814,Ricky,Berry,,26
2815,Ramon,Rivas,,2
2816,Keith,Smart,,27
2817,Shelton,Jones,,27
2818,Jose,Ortiz,,29
2819,Fennis,Dembo,,9
2820,Todd,Mitchell,,16
2821,Robert,Lock,,13
2822,Michael,Anderson,,27
2823,Bill,Jones,,3
2824,Jim,Rowinski,,9
2825,Mike,Champion,,21
2826,Randy,Allen,,26
2827,Orlando,Graham,,10
2828,Robert,Rose,,13
2829,Barry,Sumpter,,13
2830,Terry,Dozier,,4
2831,Ed,Horton,,30
2832,Torgeir,Bryn,,13
2833,Jay,Taylor,,3
2834,Stanley,Brundy,,3
2835,Dyron,Nix,,12
2836,Leonard,Taylor,,10
2837,Steve,Bucknall,,14
2838,Eric,Johnson,,29
2839,Mel,McCants,,14
2840,Gary,Voce,,6
2841,Nate,Johnston,,29
2842,Jeff,Lebo,,27
2843,Zarko,Paspalj,,27
2844,Dexter,Shouse,,23
2845,Mike,Morrison,,24
2846,Doug,Roth,,30
2847,Mike,Williams,,26
2848,Jay,Edwards,,13
2849,Raymond,Brown,,29
2850,Dee,Brown,,2
2851,Larry,Bird,,2
2852,Reggie,Lewis,,2
2853,Ed,Pinckney,,2
2854,Kevin,McHale,,2
2855,Joe,Kleine,,2
2856,Kevin,Gamble,,2
2857,Brian,Shaw,,2
2858,Dave,Popson,,2
2859,Robert,Parish,,2
2860,Brad,Daugherty,,6
2861,Chucky,Brown,,6
2862,Craig,Ehlo,,6
2863,Danny,Ferry,,6
2864,Derrick,Chievous,,6
2865,Gerald,Paddio,,6
2866,Hot,"Rod,Williams",,6
2867,Spud,Webb,,1
2868,Jerry,Reynolds,,22
2869,Mark,Aguirre,,9
2870,Fred,Roberts,,17
2871,John,Stockton,,29
2872,Eddie,Johnson,,24
2873,Terry,Porter,,25
2874,Mike,Woodson,,11
2875,Jim,Thomas,,18
2876,Brad,Davis,,7
2877,Orlando,Woolridge,,8
2878,Chris,Mullin,,10
2879,Rony,Seikaly,,16
2880,Harvey,Grant,,30
2881,Chuck,Person,,12
2882,Detlef,Schrempf,,12
2883,George,McCloud,,12
2884,Greg,Dreiling,,12
2885,Kenny,Williams,,12
2886,LaSalle,Thompson,,12
2887,Micheal,Williams,,12
2888,Mike,Sanders,,12
2889,Randy,Wittman,,12
2890,Reggie,Miller,,12
2891,Rik,Smits,,12
2892,Vern,Fleming,,12
2893,Chris,Dudley,,3
2894,Chris,Morris,,3
2895,Derrick,Coleman,,3
2896,Derrick,Gervin,,3
2897,Jack,Haley,,3
2898,Jud,Buechler,,3
2899,Kurk,Lee,,3
2900,Lester,Conner,,3
2901,Mookie,Blaylock,,3
2902,Reggie,Theus,,3
2903,Sam,Bowie,,3
2904,Tate,George,,3
2905,Bo,Kimble,,13
2906,Charles,Smith,,13
2907,Gary,Grant,,13
2908,Jeff,Martin,,13
2909,Ken,Bannister,,13
2910,Ken,Norman,,13
2911,Loy,Vaught,,13
2912,Tom,Garrick,,13
2913,Winston,Garland,,13
2914,Antoine,Carr,,26
2915,Bill,Wennington,,26
2916,Bob,Hansen,,26
2917,Duane,Causwell,,26
2918,Eric,Leckner,,26
2919,Lionel,Simmons,,26
2920,Ralph,Sampson,,26
2921,Rory,Sparrow,,26
2922,Steve,Colter,,26
2923,Wayman,Tisdale,,26
2924,B.J.,Armstrong,,5
2925,Bill,Cartwright,,5
2926,Cliff,Levingston,,5
2927,Craig,Hodges,,5
2928,Dennis,Hopson,,5
2929,Horace,Grant,,5
2930,John,Paxson,,5
2931,Michael,Jordan,,5
2932,Scott,Williams,,5
2933,Scottie,Pippen,,5
2934,Stacey,King,,5
2935,Will,Perdue,,5
2936,Brian,Oliver,,23
2937,Charles,Barkley,,23
2938,Hersey,Hawkins,,23
2939,Jayson,Williams,,23
2940,Johnny,Dawkins,,23
2941,Manute,Bol,,23
2942,Mike,Gminski,,23
2943,Rick,Mahorn,,23
2944,Rickey,Green,,23
2945,Ron,Anderson,,23
2946,Armen,Gilliam,,4
2947,Dave,Hoppen,,4
2948,Dell,Curry,,4
2949,J.R.,Reid,,4
2950,Johnny,Newman,,4
2951,Kelly,Tripucka,,4
2952,Kendall,Gill,,4
2953,Kenny,Gattison,,4
2954,Muggsy,Bogues,,4
2955,Rex,Chapman,,4
2956,Brian,Quinnett,,20
2957,Charles,Oakley,,20
2958,Eddielee,Wilkins,,20
2959,Gerald,Wilkins,,20
2960,Jerrod,Mustaf,,20
2961,Kiki,Vandeweghe,,20
2962,Mark,Jackson,,20
2963,Maurice,Cheeks,,20
2964,Patrick,Ewing,,20
2965,Mark,Bryant,,25
2966,Dana,Barros,,21
2967,Derrick,McKey,,21
2968,Gary,Payton,,21
2969,Michael,Cage,,21
2970,Olden,Polynice,,21
2971,Quintin,Dailey,,21
2972,Sedale,Threatt,,21
2973,Shawn,Kemp,,21
2974,Xavier,McDaniel,,21
2975,Tree,Rollins,,9
2976,Pervis,Ellison,,30
2977,Stuart,Gray,,20
2978,Trent,Tucker,,20
2979,Frank,Kornet,,17
2980,David,Greenwood,,27
2981,David,Robinson,,27
2982,Paul,Pressey,,27
2983,Reggie,Williams,,27
2984,Sean,Elliott,,27
2985,Sean,Higgins,,27
2986,Sidney,Green,,27
2987,Terry,Cummings,,27
2988,Tony,Massenburg,,27
2989,A.C.,Green,,14
2990,Byron,Scott,,14
2991,Elden,Campbell,,14
2992,James,Worthy,,14
2993,Larry,Drew,,14
2994,Magic,Johnson,,14
2995,Mychal,Thompson,,14
2996,Sam,Perkins,,14
2997,Terry,Teagle,,14
2998,Vlade,Divac,,14
2999,John,Shasky,,7
3000,Randy,White,,7
3001,Steve,Alford,,7
3002,Greg,Butler,,13
3003,Steve,Scheffler,,4
3004,Les,Jepsen,,10
3005,Mike,Smrek,,10
3006,Danny,Manning,,13
3007,Mark,McNamara,,22
3008,Steve,Kerr,,6
3009,Kennard,Winchester,,11
3010,Rick,Calloway,,26
3011,Travis,Mays,,26
3012,Trevor,Wilson,,1
3013,Tony,Brown,,14
3014,Randolph,Keys,,4
3015,Benoit,Benjamin,,13
3016,Byron,Dinkins,,27
3017,Dwayne,Schintzius,,27
3018,Kenny,Payne,,23
3019,Greg,Grant,,20
3020,Tony,Smith,,14
3021,Nate,McMillan,,21
3022,Rod,Strickland,,27
3023,Mahmoud,Abdul-Rauf,,8
3024,Scott,Meents,,21
3025,Jim,Petersen,,10
3026,Bob,Thornton,,18
3027,Drazen,Petrovic,,25
3028,Kurt,Rambis,,24
3029,Jon,Koncak,,1
3030,Stojko,Vrankovic,,2
3031,Cedric,Ball,,13
3032,Andrew,Lang,,24
3033,Bart,Kofoed,,10
3034,Jim,Farmer,,23
3035,Dave,Corzine,,21
3036,Buck,Johnson,,11
3037,Milos,Babic,,6
3038,Negele,Knight,,24
3039,Willie,Anderson,,27
3040,Andre,Turner,,23
3041,Ledell,Eackles,,30
3042,Jim,Grandholm,,7
3043,Kelvin,Upshaw,,7
3044,Leon,Wood,,26
3045,Terry,Mills,,8
3046,Darnell,Valentine,,6
3047,Morlon,Wiley,,22
3048,Irving,Thomas,,14
3049,John,Starks,,20
3050,Pete,Myers,,27
3051,Keith,Askins,,16
3052,Anthony,Bonner,,26
3053,Dale,Ellis,,21
3054,Pat,Cummings,,29
3055,Kenny,Walker,,20
3056,Mario,Elie,,23
3057,Anthony,Mason,,8
3058,Tim,Legler,,8
3059,Dan,O'Sullivan,,29
3060,Dan,Godfread,,18
3061,Henry,James,,6
3062,Jim,Les,,26
3063,Paul,Mokeski,,10
3064,Earl,Cureton,,4
3065,Anthony,Frederick,,26
3066,Jawann,Oldham,,12
3067,Jeff,Sanders,,4
3068,Scott,Haffner,,4
3069,John,Long,,9
3070,Ron,Harper,,13
3071,Tony,Harris,,23
3072,Clifford,Lett,,27
3073,Clinton,Smith,,30
3074,John,Williams,,30
3075,Craig,Neal,,8
3076,Mike,Higgins,,26
3077,Joe,"Barry,Carroll",,24
3078,Gerald,Henderson,,9
3079,Everette,Stephens,,17
3080,Charles,Smith,,2
3081,David,Wingate,,27
3082,Tony,Dawson,,26
3083,Gary,Leonard,,1
3084,A.J.,Wynder,,2
3085,Adrian,Dantley,,17
3086,Derek,Smith,,2
3087,Vincent,Askew,,10
3088,Robert,Reid,,23
5117,Mitchell,Creek,,3
39,Michael,Beasley,F,25
245,Wesley,Johnson,F-G,30
26,Wade,Baldwin IV,G,11
438,Jared,Terrell,G,18
63,Isaiah,Briscoe,G,22
82,Isaiah,Canaan,G,18
93,Tyler,Cavanaugh,F,29
2205,Jawun,Evans,,21
155,Raymond,Felton,G,21
2229,Walter,Lemon Jr.,,5
276,Jon,Leuer,F,9
279,Jeremy,Lin,G,28
280,Shaun,Livingston,G,10
150,Tyreke,Evans,G,12
287,Jordan,Loyd,G,28
2100,Kalin,Lucas,,9
113,Dante,Cunningham,F,27
122,Angel,Delgado,C,13
124,Luol,Deng,F,18
407,Dario,Saric,F,24
141,Trevon,Duval,G,11
142,Vincent,Edwards,F,11
2162,Deyonta,Davis,,1
80,Jose,Calderon,G,9
50191,Bonzie,Colson,F,17
423,Jason,Smith,F-C,19
34,Jerryd,Bayless,G,18
99,Ian,Clark,G,19
1938,Jimmer,Fredette,,24
2139,RJ,Hunter,,2
2007,John,Jenkins,,20
291,Shelvin,Mack,G,4
321,Nikola,Mirotic,F,17
346,Dirk,Nowitzki,F,7
381,Alex,Poythress,F,1
5471,Brandon,Sampson,,5
121,Sam,Dekker,F,28
239,Jonas,Jerebko,F,10
3943,Julian,Washburn,,15
7,Rawle,Alkins,G,5
50609,Dairis,Bertans,G,19
361,Zaza,Pachulia,C,9
50947,Tarik,Phillip,G,30
374,Quincy,Pondexter,F,27
418,Jonathon,Simmons,F,23
453,Ekpe,Udoh,C-F,29
488,Guerschon,Yabusele,F,2
164,Channing,Frye,F-C,6
50737,Billy,Garrett,G-F,20
2178,Jonathan,Gibson,,2
195,Devin,Harris,G,7
1988,Donatas,Motiejunas,,27
332,Timofey,Mozgov,C,22
363,Tony,Parker,G,4
103,Darren,Collison,G,14
311,Jodie,Meeks,G,28
312,Salah,Mejri,C,7
461,Dwyane,Wade,G,16
2160,Isaiah,Whitehead,,9
477,Alan,Williams,F-C,3
483,Troy,Williams,F,26
3450,Deng,Adel,,3
17895956,Tyrique,Jones,F-C,24
17896105,Matt,Coleman III,G,26
2048,Anthony,Bennett,,11
1891701,Eric,Mika,C-F,26
666438,Javon,Bess,G,19
666440,Kavell,Bigby-Williams,C,19
415,Iman,Shumpert,G,3
3090,Jaron,Blossomgame,,11
666457,Phil,Booth,G,30
1936,Jeremy,Pargo,,10
17895754,Tyree,White,F,17
2116373,Dusty,Hannahs,G,15
2106,Eric,Moreland,,1
298,Jarell,Martin,F,29
666488,Perrion,Callandret,G,5
92,Troy,Caupain,G,25
96,Joe,Chealey,G,4
666529,Jon,Davis,G,22
432,Edmond,Sumner,G,3
173,Taj,Gibson,F,30
1364,Joe,Johnson,,2
666576,Abdul,Gaddy,G,21
666580,JaKeenan,Gant,F,12
316,CJ,Miles,F-G,2
45947,Donte,Grantham,,13
190,Daniel,Hamilton,G-F,8
198,Andrew,Harrison,G,10
2222,Myke,Henry,,21
666637,Ahmed,Hill,G,4
666640,Amir,Hinton,G,20
1573276,Levi,Randolph,G,6
2270852,Sir'Dominic,Pointer,G-F,6
50793,Isaac,Humphries,C,22
232,Demetrius,Jackson,G,14
666702,Sagaba,Konate,F,28
666697,Stanton,Kidd,F,29
666707,Christ,Koumadje,C,23
666708,David,Kramer,G,24
666714,Terry,Larrier,F,13
45,Patrick,Beverley,G,14
289,Tyler,Lydon,F,26
170,Pau,Gasol,C-F,25
238,Amile,Jefferson,F,22
2075,Devyn,Marble,,10
386,Chasson,Randle,G,24
666757,Luke,Maye,F,17
396,Devin,Robinson,F,12
109,Allen,Crabbe,G-F,18
666770,Nicolo,Melli,F,19
666775,Isaiah,Miles,F,23
666795,Jordan,Murphy,F,18
293,J.P.,Macura,G,6
666828,James,Palmer Jr.,G,13
666847,Shamorie,Ponds,G,28
385,Ivan,Rabb,F,20
666838,Josh,Perkins,F,4
666841,Isaiah,Pineiro,F,26
372,Miles,Plumlee,C,15
2151,Axel,Toupane,,17
55,Jonah,Bolden,F,24
666840,Lamar,Peters,G,23
2117,David,Stockton,,14
2190,Isaiah,Taylor,,28
454,Tyler,Ulis,G,26
471,Thomas,Welsh,C,4
184,Danny,Green,G-F,15
2105,CJ,Wilcox,,12
478,C.J.,Williams,G,3
666973,Todd,Withers,F,9
2216,Kadeem,Allen,,20
13,Ryan,Anderson,F,11
364,Chandler,Parsons,F,1
449,Allonzo,Trier,G,20
4196798,Doron,Sheffer,G,25
319,Patty,Mills,G,3
666897,Justin,Simon,G,24
17895899,Shaq,Buchanan,G,15
666552,John,Egbunu,C,18
292,Daryl,Macon,G,16
2194,Josh,Magette,,22
17895728,Kyree,Walker,F,30
186,Gerald,Green,G-F,8
43,Dragan,Bender,F,10
342,Nene,,C-F,1
17895913,Kaleb,Johnson,G,27
17895914,Matt,Morgan,G,28
17553946,Nick,Mayo,F,10
17553947,Derrick,Alston,F,10
4196803,Augusto,Binelli,C,1
302,Luc,Mbah a Moute,F,11
4196804,Ron,Ellis,F,24
4196805,Marcelo,Nicola,F-C,25
4196806,Alain,Digbeau,G,1
4196807,Ben,Pepper,C,2
4196808,Roberto,Duenas,C,16
4196809,George,Banks,F,16
2208,Derrick,Walton Jr.,,9
323,Naz,Mitrou-Long,G,12
4196810,Andrew,Betts,C,12
4196811,Venson,Hamilton,C-F,11
4196812,DeeAndre,Hulett,G-F,28
4196813,Josip,Sesar,G,2
4196814,Robertas,Javtokas,F,27
4196815,Federico,Kammerichs,F,25
4196816,Mladen,Sekularac,G,10
4196817,Milos,Vujanic,G,24
4196818,Peter,Fehse,F,29
4196821,Sofoklis,Schortsanitis,F-C,21
4196822,Szymon,Szewczyk,F,21
4196823,Mario,Austin,F,29
17895941,Filip,Petrusev,C,23
1980,Jared,Cunningham,,9
17896052,RaiQuan,Gray,F,3
17553945,Damien,Jefferson,F,26
17553948,Travis,Munnings,F,10
143,Henry,Ellenson,F,28
17553949,Tim,Williams,F,10
17895726,Jordan,Goodwin,G,30
17895727,Austin,Hollins,G-F,30
17553954,Sedrick,Barefield,G,10
17895729,James,Banks III,C,6
17896110,Matt,Lewis,G,18
17895730,Anas,Mahmoud,C,28
17895731,Isiaha,Mike,F,28
17895732,K.J.,Lawson,F,2
17895733,Blake,Francis,G,9
17553957,Scottie,Lindsey,G,10
666837,Norvel,Pelle,F,29
436,Garrett,Temple,G-F,19
301,Wesley,Matthews,G-F,17
129,Gorgui,Dieng,C,27
23800531,Aleem,Ford,F,22
17895777,Trey,Davis,G,20
366,Justin,Patton,C,20
666653,William,Howard,G-F,11
4196853,Yotam,Halperin,G,21
4196854,Ejike,Ugboaja,F,6
4196855,Edin,Bavcic,F,6
4196862,Petteri,Koponen,G,7
4196863,Stanko,Barac,C,7
1358055,Anzejs,Pasecniks,C,19
4196865,Renaldas,Seibutis,G,6
4196866,Brad,Newley,G,14
4196867,Giorgos,Printezis,F,27
4196868,Milovan,Rakovic,F,25
466,Tyrone,Wallace,G,19
339,Abdel,Nader,F,24
24338188,Cat,Barber,G,1
380,Norman,Powell,F-G,13
105,Pat,Connaughton,G,17
4196882,Ante,Tomic,C,20
4196884,DeVon,Hardin,F,21
4196885,Tadija,Dragicevic,F,20
4196886,Maarty,Leunen,F,12
50815,BJ,Johnson,F,22
4196897,Sergio,Llull,G,20
4196900,Sergiy,Gladyr,G,6
4196902,Emir,Preldzic,F,23
209,Isaiah,Hicks,F,13
4196903,Chinemelu,Elonu,F,14
4196904,Henk,Norel,F,18
4196907,Latavious,Williams,F,19
50,Antonio,Blakeney,G,25
2219,Milton,Doyle,,25
2223,Ben,Moore,,15
24338541,Malik,Ellison,G,1
666675,DaQuan,Jeffries,F,20
17553938,Jordan,Floyd,G,14
2213,London,Perrantes,,18
17553939,Alan,Griffin,F,14
17895791,Terry,Henderson,G,12
17553940,Tyson,Carter,G,16
17895793,Cullen,Russo,F,18
4196920,Paulao,Prestes,C,18
4196921,Dwayne,Collins,F,24
4196923,Chukwudiebere,Maduabum,F,6
17951082,Trey,Murphy,,19
4196942,MIlan,Macvan,F,6
4196944,Adam,Hanga,G-F,27
39613724,Ibou,Badji,C,25
365,Patrick,Patterson,F,25
4196945,Jon,Diebler,G,5
4196966,Ilkan,Karaman,F,17
3547266,Elijah,Hughes,G,25
42097199,Jared,Rhoden,G,9
38124126,John,Butler Jr.,F,25
38017735,Jack,White,F,8
467,John,Wall,G,13
225,Ersan,Ilyasova,F,5
204,Gordon,Hayward,F,4
172,Paul,George,F,13
273,Alex,Len,C,26
148,Jacob,Evans,G,18
17553941,Micah,Potter,F-C,16
17553944,Matt,Coleman,G,26
15,Giannis,Antetokounmpo,F,17
17553942,Dru,Smith,G,16
17553943,Alex,Antetokounmpo,F,26
4197066,Cady,Lalanne,C-F,27
4197068,Nikola,Milutinov,C-F,27
4197069,Arturas,Gudaitis,C-F,6
123,Matthew,Dellavedova,G,26
4197071,Juan Pablo,Vaulet,F,3
4197072,Marcus,Eriksson,F,1
451,Evan,Turner,G-F,18
2188,Jarrod,Uthoff,,30
4197073,Tyler,Harvey,G,15
4197074,Satnam,Singh,C,15
4197075,Daniel,Diez,F,25
343,Raul,Neto,G,6
307,Rodney,McGruder,F-G,9
17553971,Marcus,Graves,G,26
2148,Thanasis,Antetokounmpo,,17
151,Dante,Exum,G,11
268,Zach,LaVine,G,5
469,T.J.,Warren,F,3
420,Marcus,Smart,G,2
17553968,Joshua,Obiesie,G,26
4197076,Nikola,Radicevic,G,9
4197077,Dimitrios,Agravanis,F,26
4197078,Luka,Mitrovic,F,26
4197110,Isaia,Cordinier,G,3
4197111,David,Michineau,G,13
4197112,Wang,Zhelin,,15
17553972,Ryan,Taylor,G,10
17553973,Kendall,Smith,G,10
666726,Mathias,Lessort,F,20
17553977,Yoeli,Childs,F,14
4197162,Aleksandar,Vezenkov,F,6
4197165,Ognen,Jaramaz,G,20
4197166,Alpha,Kaba,F,1
17553980,Princepal,Singh,F,26
230,Wes,Iwundu,F,1
17553981,Kahlil,Whitney,F,10
17553982,Tres,Tinkle,F,14
17553985,Romaro,Gill,C,14
17553989,Elijah,Pemberton,G,10
17957861,JT,Thor,,4
4197230,Issuf,Sanon,G,30
2226,Erik,McCree,,25
29,J.J.,Barea,G,7
17895796,Vitto,Brown,F,24
666758,Tahjere,McCall,G,22
17895798,Jared,Brownridge,G,18
300,Yante,Maten,F,22
17895815,Quinton,Rose,G-F,20
17895818,Matur,Maker,F,8
17895819,LiAngelo,Ball,F,4
17895821,D.J.,Hogg,F,22
17896121,Josh,Gray,,8
12,Kyle,Anderson,F,18
379,Dwight,Powell,F-C,7
456,Denzel,Valentine,G,29
168,Langston,Galloway,G,17
156,Terrance,Ferguson,G,20
154,Cristiano,Felicio,F-C,5
145,Joel,Embiid,F-C,23
486,Christian,Wood,F,7
403,Terry,Rozier,G,4
157,Yogi,Ferrell,G,13
256,George,King,F,7
666467,Amida,Brimah,C,12
17553986,Ade,Murkey,G,26
169,Marc,Gasol,C,14
452,Myles,Turner,C-F,12
17896053,Aaron,Henry,G,23
290,Trey,Lyles,F,26
181,Treveon,Graham,F,1
183,Jerian,Grant,G,30
4197231,Vanja,Marinkovic,G-F,26
18030330,Kerry,Blackshear Jr.,C,18
666607,Marko,Guduric,G,15
2225,Josh,Gray,,8
666610,Devon,Hall,G,21
377,Bobby,Portis,F,17
666611,Donta,Hall,F,22
282,Kevon,Looney,F,10
3547197,Devon,Dotson,G,30
17896017,Matt,Ryan,F,18
17895721,Juwan,Durham,F,1
17895722,Max,Heidegger,G,1
17895723,Justin,Jaworski,G,1
17895724,Ibi,Watson,G,1
17895725,Jaime,Echenique,C,30
1280857,Kevin,Hervey,F,21
208,Mario,Hezonja,F,25
348,James,Nunnally,F,19
20,Trevor,Ariza,F,14
666630,Dewan,Hernandez,C,30
258,Brandon,Knight,G,7
17553990,Isaiah,Brown,F,10
17896064,Joe,Wieskamp,G-F,28
39398582,Orlando,Robinson,C,16
38017736,Cole,Swider,F,14
17896066,Yves,Pons,G-F,15
38017737,Trevor,Hudgins,G,11
24489019,Jarron,Cumberland,G,25
666716,Dedric,Lawson,F,2
17895865,Charles,Matthews,F,23
666808,Zach,Norvell Jr.,G,27
666892,Simisola,Shittu,F,5
17895876,Kaleb,Wesson,F,13
666647,Daulton,Hommes,F,19
17895877,Kerwin,Roach,G,13
17895878,Zach,Hankins,C,24
666827,Tariq,Owens,F,7
17895902,Tyler,Hall,G,20
83,Clint,Capela,C,1
666598,Hassani,Gravett,G,22
53,Bogdan,Bogdanovic,G,1
17895903,Brandon,Randolph,G-F,17
666393,Jalen,Adams,G,28
17895906,Trey,Phills,G,11
17895907,Stephen,Domingo,G,27
349,Jusuf,Nurkic,C,25
246,Nikola,Jokic,C,8
40,Marco,Belinelli,G-F,27
78,Deonte,Burton,G,21
4196799,Andrei,Fetisov,F,17
378,Kristaps,Porzingis,F-C,30
666401,Kyle,Alexander,F,24
17895908,Paul,White,F,29
10,Al-Farouq,Aminu,F,2
84,DeMarre,Carroll,F,11
17895910,Kenny,Williams,G,4
88,Vince,Carter,F-G,1
94,Tyson,Chandler,C,11
95,Wilson,Chandler,F,3
2099,Bruno,Caboclo,,11
4196800,Rashard,Griffith,C,22
4196801,Aurelijius,Zukauskas,C,17
4196802,Abdul,Shamsid-Deen,F,21
4196824,Sani,Becirovic,G,8
17895911,Barry,Brown,G,22
17895963,Paul,Eboua,F,17
17554004,AJ,Lawson,G,7
17895984,Derrick,Alston Jr.,F,29
17895990,Jordan,Ford,G,13
17895991,Jahlil,Tripp,F,27
17895992,Rayshaun,Hammonds,F,28
4196825,Paccelis,Morlende,G,21
4196826,Remon,Van de Hare,C,22
17553991,Selom,Mawugbe,C,10
4196827,Nedzad,Sinanovic,C,25
4196828,Xue,Yuyang,F-C,8
4196832,Albert,Miralles,C,5
4196833,Viktor,Sanikidze,F,27
4196835,Sergei,Lishouk,F,11
4196836,Christian,Drejer,F,3
4196837,Sergei,Karaulov,C,27
4196839,Fran,Vazquez,F-C,22
4196841,Erazem,Lorbek,F,27
4196842,Axel,Hervelle,F,20
4196843,Cenk,Akyol,G,24
4196850,Lior,Eliyahu,F,10
4196852,Vladimir,Veremeenko,F,13
17896050,Matt,Hurt,F,11
4196965,Izzet,Turkyilmaz,F,8
389,JJ,Redick,G,7
24590029,Craig,Sword,G,30
4196998,Bojan,Dubljevic,F,25
17553996,DJ,Steward,G,26
4196999,Janis,Timma,F,22
2215,Malcolm,Miller,,18
479,Johnathan,Williams,F,26
3546977,Greg,Whittington,F,8
17896092,Jalen,Crutcher,G,17
17896090,MaCio,Teague,G,29
310,Jordan,McRae,G,9
17896091,D.J.,Carton,G,4
17896096,Matt,Mitchell,F,27
666859,Josh,Reaves,G,7
17896098,Zaccheus,Darko-Kelly,G-F,28
17896095,Isaiah,Miller,G,18
17896102,Mitch,Ballock,G,6
666963,Nigel,Williams-Goss,G,29
50966,Cameron,Reynolds,G,11
4197029,Vasilije,Micic,G,21
4197032,Nemanja,Dangubic,F,3
4197033,Louis,Labeyrie,F-C,20
38017686,Bennedict,Mathurin,G-F,12
38017687,Johnny,Davis,G,30
331,Johnathan,Motley,F,13
4197192,Jaylen,Hands,G,6
336,Dzanan,Musa,G-F,3
38017688,Keegan,Murray,F,26
38017689,AJ,Griffin,F,1
38017690,Shaedon,Sharpe,G,25
38017691,TyTy,Washington Jr.,G,11
38017692,Malaki,Branham,F,27
38017693,Blake,Wesley,G,27
38017694,Jalen,Duren,C,9
38017695,Tari,Eason,F,11
38017696,Nikola,Jovic,F,16
38017710,Christian,Koloko,C,28
38017711,Jabari,Walker,F,25
38017712,Ryan,Rollins,G,10
135,PJ,Dozier,G-F,26
666698,Louis,King,F,23
333,Emmanuel,Mudiay,G,26
666762,Jalen,McDaniels,F,4
666809,Jaylen,Nowell,G,18
666940,Dean,Wade,F,6
317,Darius,Miller,F,21
666604,Javonte,Green,G-F,5
17895996,E.J.,Montgomery,F,17
17895998,Devonte,Patterson,F,7
17895999,Jordan,Bowden,G,3
3547238,Anthony,Edwards,G,18
3547239,LaMelo,Ball,G,4
17896000,Nathan,Sestina,F,29
17896005,Emmitt,Williams,F,21
3547261,Nico,Mannion,G,10
17896006,Anthony,Cowan Jr.,G,15
3547244,Onyeka,Okongwu,F-C,1
17896054,John,Petty Jr.,G-F,9
17896108,Romeo,Weems,F,15
17896109,Ryan,Daly,G,5
17896111,Brandon,Rachal,G,3
17554007,Colbey,Ross,G,10
17896113,Devontae,Shuler,G,7
17554008,Justin,Smith,F,16
666551,Carsen,Edwards,G,9
50661,Chris,Chiozza,G,10
17896019,Nahziah,Carter,G,1
3547245,Tyrese,Haliburton,G,12
666824,Miye,Oni,G,19
295,Thon,Maker,F,6
41,Jordan,Bell,F,5
299,Frank,Mason,G,23
294,Ian,Mahinmi,C,30
17896008,Shakur,Juiston,F,22
17896115,Amar,Sylla,F,22
17896119,Reid,Travis,F,20
17896015,JJ,Culver,G,18
127,Cheick,Diallo,F,9
17896010,Darnell,Cowart,F,15
344,Georges,Niang,F,23
2189,Gary,Payton II,,25
17896011,Nate,Renfro,F,27
134,Damyean,Dotson,G,20
416,Pascal,Siakam,F,28
11558583,Cameron,Oliver,F,1
260,Furkan,Korkmaz,G-F,23
272,Damion,Lee,G,24
206,Juancho,Hernangomez,F,28
17896013,Ryan,Woolridge,G,21
205,John,Henson,F,20
493,Ivica,Zubac,C,13
17896014,Eugene,German,G,8
17896016,Jaire,Grayer,G,22
288,Timothe,Luwawu-Cabarrot,G-F,1
158,Dorian,Finney-Smith,F,7
17896009,Rob,Edwards,G,21
9530711,Gabriel,Deck,,21
17896117,Ethan,Thompson,G,5
303,CJ,McCollum,G,19
409,Dennis,Schroder,G,14
120,Dewayne,Dedmon,C,16
35,Aron,Baynes,C-F,28
17895753,DMitrik,Trice,G,17
350,David,Nwaba,G,21
666460,Ky,Bowman,G,10
1764,Corey,Brewer,,26
666502,Zylan,Cheatham,F,19
64,Ryan,Broekhoff,G-F,23
2211,Antonius,Cleveland,,7
401,Derrick,Rose,G,20
472,Russell,Westbrook,G,14
111,Jamal,Crawford,G,3
31890572,Gabe,York,G,12
285,Kevin,Love,F-C,6
167,Danilo,Gallinari,F,2
106,Quinn,Cook,G,25
216,Rondae,Hollis-Jefferson,F,25
174,Harry,Giles III,F-C,13
178,Eric,Gordon,G,11
283,Brook,Lopez,C,17
666459,Brian,Bowen II,F,18
138,Jared,Dudley,F,14
284,Robin,Lopez,C,6
306,JaVale,McGee,C,7
395,Glenn,Robinson III,G-F,26
394,Andre,Roberson,G-F,3
354,Jahlil,Okafor,C,1
160,Evan,Fournier,G-F,20
341,Shabazz,Napier,G,30
1771,Joakim,Noah,,13
50729,Michael,Frazier,G,24
398,Jerome,Robinson,G,5
18036823,Balsa,Koprivica,,9
112,Jae,Crowder,F,24
185,Draymond,Green,F,10
315,Khris,Middleton,F,17
31,Will,Barton,G,30
215,Justin,Holiday,F-G,1
352,Kyle,O'Quinn,C,23
355,Elie,Okobo,G,24
193,Maurice,Harkless,F,26
408,Tomas,Satoransky,G-F,30
36,Kent,Bazemore,G,14
76,Trey,Burke,G,21
24489241,Cameron,McGriff,F,25
24850479,Jaysean,Paige,G,9
116,Troy,Daniels,G,8
1557,Anderson,Varejao,,6
666641,Jaylen,Hoard,F,21
440,Isaiah,Thomas,G,4
18039569,Xavier,Rathan-Mayes,,30
2158,Patrick,McCaw,,28
4196997,Alex,Oriakhi,F,26
4197065,Aaron,White,F,3
666846,Vincent,Poirier,C,20
11755528,Elijah,Bryant,G,17
17895912,Ahmad,Caver,G,12
19465585,Dru,Smith,G,16
666899,Deividas,Sirvydis,G,9
666453,Marques,Bolden,C,29
309,Ben,McLemore,G,25
666672,Justin,James,G-F,19
18041884,Asante,Gist,,30
54,Bojan,Bogdanovic,F,9
44,Davis,Bertans,F,7
117,Anthony,Davis,F-C,14
37,Bradley,Beal,G,30
278,Damian,Lillard,G,25
402,Terrence,Ross,G-F,22
137,Andre,Drummond,C,5
30,Harrison,Barnes,F,26
393,Austin,Rivers,G,18
357,Victor,Oladipo,G,16
114,Seth,Curry,G,3
38017676,MarJon,Beauchamp,F,17
38017677,Dyson,Daniels,G,19
38017679,Jaden,Hardy,G,7
38017730,Dominick,Barlow,F,27
38017678,Michael,Foster Jr.,F,23
38017731,Vince,Williams Jr.,G,15
38017732,Kenneth,Lofton Jr.,F,15
38017734,Jamal,Cain,F,16
234,Josh,Jackson,F,26
3547289,Skylar,Mays,G,1
3547291,Mason,Jones,G,14
666783,Adam,Mokoka,G,5
666463,Jarrell,Brantley,F,29
91,Willie,Cauley-Stein,C,23
266,Skal,Labissiere,F,27
17620634,Brandon,McCoy,,16
666454,Jordan,Bone,G,12
255,Michael,Kidd-Gilchrist,F,7
262,Kyle,Korver,G-F,17
459,Noah,Vonleh,F,2
223,Serge,Ibaka,F-C,17
33,Nicolas,Batum,F-G,13
211,George,Hill,G,17
250,DeAndre,Jordan,C,8
136,Goran,Dragic,G,5
189,Blake,Griffin,F,2
264,Rodions,Kurucs,F,17
192,James,Harden,G,23
404,Ricky,Rubio,G,6
115,Stephen,Curry,G,10
144,Wayne,Ellington,G,14
125,DeMar,DeRozan,G,5
214,Jrue,Holiday,G,17
18042321,Asante,Gist,,30
153,Derrick,Favors,F-C,1
271,Courtney,Lee,G,7
666720,Jalen,Lecque,G,21
666717,Vic,Law,F,14
270,TJ,Leaf,F,25
387,Julius,Randle,F,20
475,Andrew,Wiggins,F-G,10
3547278,Ashton,Hagans,G-F,28
362,Jabari,Parker,F,2
3547265,Tyler,Bey,F,11
3547284,Karim,Mane,G,18
275,Meyers,Leonard,F-C,21
244,Tyler,Johnson,G,27
3547303,Will,Magnay,C,19
3547290,Josh,Hall,F,21
4197384,Yam,Madar,G,2
107,DeMarcus,Cousins,C,8
325,Greg,Monroe,C,18
118,Ed,Davis,C,6
51,Eric,Bledsoe,G,25
59,Avery,Bradley,G,14
474,Hassan,Whiteside,C,29
49,Nemanja,Bjelica,F,10
431,Lance,Stephenson,G,12
3547263,Daniel,Oturu,C,28
237,LeBron,James,F,14
3547277,Grant,Riller,G,23
3547292,Jalen,Harris,G,28
4197389,Justinian,Jessup,G,10
446,Anthony,Tolliver,F,19
435,Jeff,Teague,G,17
411,Thabo,Sefolosha,F,11
666891,Marial,Shayok,G,23
410,Mike,Scott,F,23
424,JR,Smith,G-F,14
425,Zhaire,Smith,G,23
2080,JaKarr,Sampson,,12
433,Caleb,Swanigan,F,25
17,Carmelo,Anthony,F,14
442,Lance,Thomas,F,3
220,Dwight,Howard,C,14
427,Ray,Spalding,F,11
481,Lou,Williams,G,1
6,LaMarcus,Aldridge,F,3
2202,Kobi,Simmons,,25
428,Omari,Spellman,F,5
445,Sindarius,Thornwell,G,22
441,Khyri,Thomas,G,11
666900,Alen,Smailagic,F,10
203,Udonis,Haslem,F,16
224,Andre,Iguodala,G-F,10
400,Rajon,Rondo,G,6
367,Chris,Paul,G,24
171,Rudy,Gay,F,29
318,Paul,Millsap,F,23
286,Kyle,Lowry,G,16
450,PJ,Tucker,F,23
140,Kevin,Durant,F,3
219,Al,Horford,C-F,2
104,Mike,Conley,G,29
17895693,Justin,Turner,G,27
17895694,Biram,Faye,C,27
188,Jeff,Green,F,8
489,Thaddeus,Young,F,28
19,Ryan,Arcidiacono,G,20
7155648,Anthony,Lamb,F,10
17553983,Trevelin,Queen,G,12
21,D.J.,Augustin,G,14
17895983,Ayo,Dosunmu,G,5
4197387,Vit,Krejci,G,1
4197388,Marko,Simonovic,C,5
38017607,Kevon,Harris,G,22
17553988,Jeff,Dowtin,G,28
27924547,Lindy,Waters III,F,21
17896025,Jaden,Springer,G,23
17896026,Franz,Wagner,F,22
17896027,Ziaire,Williams,G-F,15
38017620,Ochai,Agbaji,G,29
17896028,Greg,Brown III,F,25
17895695,Eric,Demers,G,27
2309958,Jontay,Porter,C-F,15
23,Dwayne,Bacon,G-F,20
222,Chandler,Hutchison,F,24
17895696,Tahj,Eaddy,G,22
17895697,Asbjorn,Midtgaard,C,22
17895698,Jeremiah,Tilmon,C,22
17895701,D.J.,Funderburk,F,29
17895702,Olivier,Sarr,C,15
17895703,Keaton,Wallace,G,15
17895706,Denzel,Mahoney,G-F,4
17895707,Cameron,McGriff,F,4
17895708,Sehmus,Hazer,G,6
17895709,Tre,Scott,F,6
17895710,Chandler,Vaudrin,F,6
4197197,Justin,Jackson,F,22
2,Jaylen,Adams,G,5
12044014,Caleb,Homesley,G,30
242,James,Johnson,F,12
463,Dion,Waiters,G,14
666975,Kenny,Wooten,F,18
482,Marvin,Williams,F,17
340,Larry,Nance Jr.,F,19
351,Royce,O'Neale,F,3
359,Cedi,Osman,F,6
296,Boban,Marjanovic,C,11
1983,Tyler,Zeller,,27
492,Ante,Zizic,C,6
417,Ben,Simmons,G-F,3
406,Domantas,Sabonis,F,26
17895711,Caleb,Agada,G-F,8
17895712,Giorgi,Bezhanishvili,F,8
17895713,Chudier,Bile,F,8
17895714,Jason,Burnell,F,8
666871,Justin,Robinson,G,9
17895715,Steffon,Mitchell,F,8
666976,Justin,Wright-Foreman,G,30
17895716,Arnas,Velicka,G,2
3547246,Devin,Vassell,G-F,27
17895717,LJ,Figueroa,G,7
666750,Jeremiah,Martin,G,6
17895718,Mark,Vital,F,25
17895719,Sterling,Manley,F-C,5
17895720,Troy,Baxter Jr.,F,5
667302,Nicolo,Melli,F,7
97,Marquese,Chriss,F,21
17895734,Spencer,Littleson,G,9
17895735,Jamorko,Pickett,F,9
17895736,Anthony,Tarke,F,9
17895737,Lydell,Elmore,F,13
17895738,David,DiLeo,F,19
17895739,Malcolm,Hill,G,19
17895740,Alpha,Diallo,F,24
17895741,Jon Axel,Gudmundsson,G,24
17895742,Trey,Kell,G,24
484,D.J.,Wilson,F,28
3547249,Precious,Achiuwa,F,28
3547250,Aaron,Nesmith,G-F,12
3547251,Cole,Anthony,G,22
17896030,Chris,Duarte,G,12
17896031,Nah'Shon,Hyland,G,8
17896032,Kai,Jones,F-C,4
17896033,Miles,McBride,G,20
17553992,Moses,Moody,G,10
17896035,Isaiah,Jackson,F,12
17896036,Tre,Mann,G,21
17896037,James,Bouknight,G,4
163,Tim,Frazier,G,6
187,JaMychal,Green,F,10
345,Nerlens,Noel,F-C,9
358,Kelly,Olynyk,F,29
81,Kentavious,Caldwell-Pope,G,8
468,Brad,Wanamaker,G,30
3547299,Sam,Merrill,G,15
3547300,Sean,McDermott,F,15
152,Kenneth,Faried,F-C,25
17895758,Kyle,Fogg,G,29
2164,Semaj,Christon,,8
17895762,Deonte,Burton,F,8
2133,Joe,Young,,30
17895775,Zach,Auguste,C,2
243,Stanley,Johnson,F,27
412,Wayne,Selden,G-F,20
17896068,Juhann,Begarin,G,2
3547252,Vernon,Carey Jr.,F-C,30
3547267,Isaiah,Stewart,F-C,9
3547268,Zeke,Nnaji,F-C,8
3547274,Tre,Jones,G,27
2076,Tarik,Black,,8
17895968,Daishen,Nix,F,11
17553979,Jonathan,Kuminga,F,10
3547293,Naji,Marshall,F,19
3547294,Kenyon,Martin Jr.,F,11
3547295,Nathan,Knight,F-C,18
3547297,Trent,Forrest,G,1
38017630,Johnny,Juzang,G,29
17896038,Day'Ron,Sharpe,C,3
17896055,Scottie,Barnes,G-F,28
38017682,Jaden,Ivey,G,9
17896082,Aamir,Simms,F,20
38017683,Paolo,Banchero,F,22
326,E'Twaun,Moore,G,22
38017684,Jabari,Smith Jr.,F,11
17896086,Oscar,da Silva,F,21
18170949,Giorgos,Kalaitzakis,,17
17895743,Jo,Lual-Acuil Jr.,C,24
17895744,Emmanuel,Nzekwesi,F,24
17895745,Jaleen,Smith,G,24
17895746,Justin,Robinson,F,27
17895747,Marcus,Foster,G,11
17895748,Jalen,Tate,G,11
17895749,Tyler,Hagedorn,F,14
3547296,Ty-Shon,Alexander,G,24
3547305,Nate,Darling,,4
17895750,Steven,Enoch,F,17
17895751,John,Mooney,F,17
17895752,Mike,Smith,G,17
126,Marcus,Derrickson,F,18
52,Trevon,Bluiett,G-F,6
5279,Emanuel,Terry,,24
50823,Jemerrio,Jones,F,14
18677827,Johnny,Hamilton,C,1
269,Jake,Layman,F,18
5,DeVaughn,Akoon-Purcell,G-F,1
666584,Kaiser,Gates,F,3
17895834,Nate,Mason,G,24
38017685,Chet,Holmgren,C-F,21
17895835,Bennie,Boatwright,F,12
17895838,Aubrey,Dawkins,G-F,30
666570,Robert,Franks,F,7
18678048,Balsa,Koprivica,C,9
17896079,Rokas,Jokubaitis,G,20
17896080,EJ,Onu,F-C,7
17896118,Marcus,Zegarowski,G,3
17895839,Javin,DeLaurier,F,17
38017726,Dereon,Seabron,G,19
38017727,Collin,Gillespie,G,8
38017728,Jake,LaRavia,F,15
38017729,David,Roddy,F,15
38017733,A.J.,Green,G,17
17895988,Jon,Teske,C,15
38017723,Alondes,Williams,G,3
371,Mason,Plumlee,F-C,4
337,Mike,Muscala,F-C,21
376,Otto,Porter Jr.,F,28
75,Reggie,Bullock,G-F,7
108,Robert,Covington,F,13
176,Rudy,Gobert,C,18
4197105,Petr,Cornelie,F,8
3,Steven,Adams,C,15
24839769,Paris,Bass,F,24
191,Tim,Hardaway Jr.,G,7
426,Tony,Snell,G,19
17896056,Luka,Garza,C,18
17896058,Trendon,Watford,F,25
17896059,Sandro,Mamukelashvili,F,17
18678058,Jordan,Goodwin,,30
38017720,Trevor,Keels,G,20
38017721,Peyton,Watson,G,8
38017722,Tyrese,Martin,G,1
38017724,Caleb,Houstan,G,22
38017725,Moussa,Diabate,F,13
240,Alize,Johnson,F,27
666794,Mychal,Mulder,G,16
3547164,CJ,Elleby,F-G,25
666616,Jared,Harper,G,19
10384980,Myles,Powell,G,23
666960,Lindell,Wigginton,G,17
3547280,Jay,Scrubb,G,13
3547281,Nate,Hinton,G-F,12
253,Enes,Kanter,C,11
327,Jaylen,Morris,G,27
3547273,Cassius,Stanley,G,9
304,T.J.,McConnell,G,12
249,Tyus,Jones,G,15
194,Montrezl,Harrell,F-C,23
207,Willy,Hernangomez,C,19
391,Josh,Richardson,G-F,27
38,Malik,Beasley,G,29
210,Buddy,Hield,G,12
227,Brandon,Ingram,F,19
248,Damian,Jones,C,14
277,Caris,LeVert,G,6
666560,Tacko,Fall,C,6
334,Dejounte,Murray,G,1
335,Jamal,Murray,G,8
373,Jakob,Poeltl,C,27
383,Taurean,Prince,F,18
70,Jaylen,Brown,G,2
65,Malcolm,Brogdon,G,2
458,Fred,VanVleet,G,28
89,Alex,Caruso,G,5
267,Jeremy,Lamb,G,26
24602685,Trayvon,Palmer,G,9
24590098,Justin,Tillman,F,1
666509,Chris,Clemons,G,1
3547169,Reggie,Perry,F-C,25
16,Kostas,Antetokounmpo,F,5
17895769,Keifer,Sykes,G,12
102,Zach,Collins,F-C,27
58,Chris,Boucher,F,28
110,Torrey,Craig,F,24
68,Troy,Brown Jr.,F,14
73,Jalen,Brunson,G,20
87,Jevon,Carter,G,17
85,Wendell,Carter Jr.,F,22
128,Hamidou,Diallo,G,9
131,Donte,DiVincenzo,G,10
480,Kenrich,Williams,G-F,21
22,Deandre,Ayton,C,24
132,Luka,Doncic,F-G,7
370,Theo,Pinson,G-F,7
666442,Goga,Bitadze,C,12
666468,Oshae,Brissett,F,12
666530,Terence,Davis,G,26
1603383,Gabe,Vincent,G,16
147,Drew,Eubanks,F,25
3547163,Mamadi,Diakite,F,6
666969,Zion,Williamson,F,19
666423,RJ,Barrett,F-G,20
3547262,Jahmi'us,Ramsey,G,26
666860,Cameron,Reddish,F-G,20
666786,Ja,Morant,G,15
666656,De'Andre,Hunter,F,1
18170939,Georgios,Kalaitzakis,F,21
38017713,Jordan,Hall,G,27
17895854,Charles,Bassey,G,27
3547298,Saben,Lee,G,24
38017714,Keon,Ellis,G,26
38017715,Josh,Minott,F,18
38017716,Ousmane,Dieng,F,21
38017717,Ron,Harper Jr.,F,28
38017718,Buddy,Boeheim,F,9
1801,Mario,Chalmers,G,16
38017719,Dalen,Terry,F,5
159,Bryn,Forbes,G,18
2175,Danuel,House Jr.,,23
247,Derrick,Jones Jr.,F-G,5
17554000,JaQuori,McLaughlin,G,7
666925,Juan,Toscano-Anderson,F,14
3092,Haywood,Highsmith,,16
666511,Amir,Coffey,G,13
666743,Terance,Mann,G,13
38017507,Andrew,Nembhard,G-F,12
666908,Max,Strus,G,16
666451,Bol,Bol,C,22
666956,Coby,White,G,5
666523,Jarrett,Culver,G,1
666505,Brandon,Clarke,F,15
666581,Darius,Garland,G,6
666626,Jaxson,Hayes,C,19
666400,Nickeil,Alexander-Walker,G,29
666464,Ignas,Brazdeikis,F,22
3547283,Markus,Howard,G,8
18677954,Jared,Butler,G,29
3547286,Cassius,Winston,G,30
3547288,Robert,Woodard II,F,27
9338307,Malik,Fitts,F,2
17895994,Xavier,Sneed,F,29
17554002,DeJon,Jarreau,G,11
24489167,Brandon,Williams,G,25
11314392,Luca,Vildoza,G,17
17896029,Sharife,Cooper,G,1
308,Alfonzo,McKinnie,F,5
38017739,Simone,Fontecchio,F,29
38017738,Chima,Moneke,F,26
17896061,Scottie,Lewis,G,4
226,Joe,Ingles,F,17
487,Delon,Wright,G,30
405,D'Angelo,Russell,G,18
447,Karl-Anthony,Towns,C,18
217,Richaun,Holmes,F-C,26
485,Justise,Winslow,F,25
360,Kelly,Oubre Jr.,F,4
57,Devin,Booker,G,24
368,Cameron,Payne,G,24
421,Dennis,Smith Jr.,G,4
666633,Tyler,Herro,G,16
666682,Keldon,Johnson,F,27
666713,Romeo,Langford,G,27
666729,Nassir,Little,F,25
666818,Chuma,Okeke,F,22
666849,Kevin,Porter Jr.,G,11
666429,Darius,Bazley,F,21
666476,Moses,Brown,C,13
666508,Nicolas,Claxton,F-C,3
666541,Luguentz,Dort,G,21
666577,Daniel,Gafford,F,30
17895858,Quentin,Grimes,G,20
666650,Talen,Horton-Tucker,G,29
666676,Ty,Jerome,G,10
3547301,Jae'Sean,Tate,F,11
666679,Cameron,Johnson,F,24
666692,Mfiondu,Kabengele,F,2
491,Cody,Zeller,C,25
666919,Matt,Thomas,G,5
86,Michael,Carter-Williams,G,22
666788,Juwan,Morgan,F,2
666446,Keljin,Blevins,F,25
24417679,Xavier,Moon,G,13
9177971,Devin,Cannady,G,22
79,Jimmy,Butler,G-F,16
165,Markelle,Fultz,G,22
27,Lonzo,Ball,G,5
161,De'Aaron,Fox,G,26
434,Jayson,Tatum,F,2
324,Malik,Monk,G,26
229,Jonathan,Isaac,F,22
347,Frank,Ntilikina,G,7
297,Lauri,Markkanen,F,29
322,Donovan,Mitchell,G,6
254,Luke,Kennard,G,13
235,Justin,Jackson,F,2
439,Daniel,Theis,F,12
257,Maxi,Kleber,F,7
476,Robert,Williams III,C-F,2
666609,Rui,Hachimura,F,30
19465326,Jock,Landale,C,24
166,Wenyen,Gabriel,F,14
397,Duncan,Robinson,F,16
50927,Kendrick,Nunn,G,14
470,Yuta,Watanabe,G,3
666767,Jordan,McLaughlin,G,18
56,Isaac,Bonga,G,28
666517,Tyler,Cook,C,5
4197232,Arnoldas,Kulboka,F,4
98,Gary,Clark,F,19
133,Tyler,Dorsey,G,7
3091,Brandon,Goodwin,,6
422,Ish,Smith,G,8
228,Kyrie,Irving,G,3
455,Jonas,Valanciunas,C,19
48,Bismack,Biyombo,C,24
443,Klay,Thompson,G,10
77,Alec,Burks,G,9
329,Markieff,Morris,F,3
328,Marcus,Morris,F,13
274,Kawhi,Leonard,F,13
460,Nikola,Vucevic,C,5
200,Tobias,Harris,F,23
236,Reggie,Jackson,G,13
251,Cory,Joseph,G,9
3547269,Immanuel,Quickley,G,20
3547270,Paul,Reed,F,23
4197356,Leandro,Bolmaro,F,29
3547271,Aleksej,Pokusevski,C,21
3547272,Isaiah,Joe,G,21
3547275,Malachi,Flynn,G,28
3547276,Payton,Pritchard,G,2
3547279,Lamar,Stevens,F,6
3547282,Nick,Richards,C,4
11891374,Omer,Yurtseven,C,16
3547285,Xavier,Tillman,F,15
3547287,Desmond,Bane,G,15
17895966,Jalen,Green,G,11
444,Tristan,Thompson,C-F,5
465,Kemba,Walker,G,7
100,Jordan,Clarkson,G,29
196,Gary,Harris,G,22
146,James,Ennis III,F,8
212,Solomon,Hill,F,20
666543,Sekou,Doumbouya,F,14
130,Spencer,Dinwiddie,G,7
46,Khem,Birch,C,28
182,Jerami,Grant,F,25
197,Joe,Harris,F-G,3
305,Doug,McDermott,F,27
177,Aaron,Gordon,F,8
3547207,Jordan,Nwora,F,17
666831,Eric,Paschall,F,18
666848,Jordan,Poole,G,10
17553967,Neemias,Queta,C,26
667378,Naz,Reid,F-C,18
666873,Isaiah,Roby,F,27
199,Shaquille,Harrison,G,15
666885,Admiral,Schofield,F,22
666923,Matisse,Thybulle,G-F,23
666965,Grant,Williams,F,2
666971,Dylan,Windler,G-F,6
666703,John,Konchar,G-F,15
3547215,Killian,Tillie,F-C,15
666953,Quinndary,Weatherspoon,G,10
4197307,Marcos,Louzada Silva,G,25
9051997,Armoni,Brooks,G,28
666474,Charles,Brown,G,23
666486,Devontae,Cacok,F-C,27
666930,Rayjon,Tucker,F,17
666754,Garrison,Mathews,G,11
3547242,Deni,Avdija,F,30
3547243,Obi,Toppin,F,20
38017697,Max,Christie,G,14
38017698,Mark,Williams,C,4
38017699,Jeremy,Sochan,F,27
38017700,Wendell,Moore Jr.,G,18
38017701,Kendall,Brown,G,12
38017702,Kennedy,Chandler,G,15
369,Elfrid,Payton,G,24
38017703,Jalen,Williams,G-F,21
1986689,Malik,Newman,G,6
38017704,Patrick,Baldwin Jr.,F,10
38017705,Walker,Kessler,C,29
429,Nik,Stauskas,G,2
218,Rodney,Hood,G,13
38017706,Jaylin,Williams,F,21
38017707,JD,Davison,G,2
38017708,Bryce,McGowens,G,4
38017709,Christian,Braun,G,8
1567838,Paul,Watson,G,21
17896060,Sam,Hauser,F,2
38017649,Julian,Champagnie,F,23
17896062,Alperen,Sengun,F-C,11
17896063,Jericho,Sims,F,20
17896065,Josh,Giddey,G,21
17896067,Santi,Aldama,F,15
17896070,Usman,Garuba,F,11
17896071,Isaiah,Livers,F,9
38017656,Scotty,Pippen Jr.,G,14
38017662,Isaiah,Mobley,F,6
38017663,E.J.,Liddell,F,19
38017665,Darius,Days,F,11
17896106,Eugene,Omoruyi,F,21
101,John,Collins,F-C,1
18,OG,Anunoby,F,28
9,Jarrett,Allen,C,6
4,Bam,Adebayo,C-F,16
201,Isaiah,Hartenstein,F-C,20
60,Tony,Bradley,C,5
265,Kyle,Kuzma,F,30
473,Derrick,White,G,2
202,Josh,Hart,G,25
66,Dillon,Brooks,G-F,15
74,Thomas,Bryant,C,14
42,DeAndre',Bembry,F,17
330,Monte,Morris,G,30
233,Frank,Jackson,G,9
72,Sterling,Brown,G,14
666489,Vlatko,Cancar,F,8
390,Davon,Reed,G,8
261,Luke,Kornet,F-C,2
8,Grayson,Allen,G,17
3547095,Udoka,Azubuike,C-F,29
666751,Kelan,Martin,F,2
24,Marvin,Bagley III,F,9
28,Mo,Bamba,C,22
32,Keita,Bates-Diop,F,27
61,Mikal,Bridges,F,24
17553987,Zavier,Simpson,G,21
69,Bruce,Brown,G,8
17895967,Isaiah,Todd,F,30
62,Miles,Bridges,F,4
490,Trae,Young,G,1
353,Semi,Ojeleye,F,13
666564,Bruno,Fernando,F,11
175,Shai,Gilgeous-Alexander,G,21
180,Devonte',Graham,G,19
213,Aaron,Holiday,G,1
221,Kevin,Huerter,G,26
231,Jaren,Jackson Jr.,F-C,15
259,Kevin,Knox,F,9
666747,Caleb,Martin,F,16
666748,Cody,Martin,F,4
313,De'Anthony,Melton,G,23
314,Chimezie,Metu,F,26
320,Shake,Milton,G,23
338,Svi,Mykhailiuk,G,20
356,Josh,Okogie,G,24
375,Michael,Porter Jr.,F,8
399,Mitchell,Robinson,C,20
413,Collin,Sexton,G,29
414,Landry,Shamet,G,24
419,Anfernee,Simons,G,25
3089,Gary,Trent Jr.,,28
457,Jarred,Vanderbilt,F,29
462,Moritz,Wagner,C,22
464,Lonnie,Walker IV,G,14
162,Melvin,Frazier Jr.,G-F,21
17553993,Joel,Ayayi,G,30
666950,P.J.,Washington,F,4
17896085,Chris,Smith,F,9
3547255,Tyrell,Terry,G,15
11,Justin,Anderson,G-F,12
252,Frank,Kaminsky,F-C,1
3547240,James,Wiseman,C,10
3547241,Killian,Hayes,G,9
3547247,Isaac,Okoro,F-G,6
3547248,Patrick,Williams,F,5
3547253,Theo,Maledon,G,4
3547254,Tyrese,Maxey,G,23
3547256,Saddiq,Bey,F,9
3547257,R.J.,Hampton,G,22
3547258,Josh,Green,G,7
3547259,Jaden,McDaniels,F,18
3547260,Kira,Lewis Jr.,G,19
3547264,Jalen,Smith,F-C,12
666894,Chris,Silva,F,16
666755,Dakota,Mathias,G,15
666608,Kyle,Guy,G,16
666952,Tremont,Waters,G,30
666881,Luka,Samanic,F,20
17895875,Aric,Holman,C,16
666821,KZ,Okpala,F,26
1687493,Matt,Mooney,G,20
139,Kris,Dunn,G,25
17553997,Marcus,Garrett,G,16
19465586,Kevin,Pangos,G,6
17896101,MJ,Walker,G,24
19465583,Jaime,Echenique,,30
24572055,Olivier,Sarr,C,25
17896099,Carlik,Jones,G,5
19465584,Micah,Potter,F,29
17896103,Jay,Huff,F-C,14
17896051,Joshua,Primo,G,27
18678001,JT,Thor,F,4
17896040,Jalen,Johnson,F,1
17896041,Keon,Johnson,G,25
17896042,Jason,Preston,G,13
17896044,Kessler,Edwards,F,3
17896045,Corey,Kispert,F,30
17896039,Justin,Champagnie,F,28
17553994,Davion,Mitchell,G,26
17553995,Austin,Reaves,G,14
17896048,Cam,Thomas,G,3
17896049,David,Duke Jr.,G,3
17896072,Moses,Wright,C,7
17553998,D.J.,Stewart Jr.,G-F,27
17553999,Chaundee,Brown,G,1
17554001,Javonte,Smart,G,16
17554003,RJ,Nembhard Jr.,G,6
17554005,Mac,McClung,G,14
18678057,Jamorko,Pickett,F,9
30053472,Gabriel,Lundberg,,24
17896073,Jalen,Suggs,G,22
17896093,Feron,Hunt,F,20
17896074,McKinley,Wright IV,G,7
17896075,Cade,Cunningham,G-F,9
17896076,Evan,Mobley,F-C,6
17896078,Aaron,Wiggins,G,21
17896089,Duane,Washington Jr.,G,24
17896094,Dalano,Banton,G,28
17896097,Jose,Alvarado,G,19
17896116,Terry,Taylor,G,12
17896120,Ish,Wainright,F,24
24102469,Malcolm,Hill,F,5
17554006,Jordan,Schakel,G,30
17896007,Braxton,Key,G,9
3547302,Anthony,Gill,F,30
17896021,Jeremiah,Robinson-Earl,F,21
3547304,Facundo,Campazzo,,7
17896022,Brandon,Boston Jr.,G,13
17896023,Josh,Christopher,G,11
17896024,Herbert,Jones,F,19
18677986,Trey,Murphy III,F,19
3547306,Brodric,Thomas,G,2
17896020,David,Johnson,G,28
9318184,Freddie,Gillespie,F,22
