id,name,capacity,grass,city,state
4747,Abbott Memorial Alumni Stadium,10000,,Tuskegee,AL
6091,Abel Stadium,2500,,Lincoln,NE
3599,Ace W. Mumford Stadium,28500,False,Baton Rouge,LA
4436,Adamson Stadium,6500,,Brownsville,PA
3601,Aggie Memorial Stadium,28853,False,Las Cruces,NM
3602,Aggie Stadium,10743,False,Davis,CA
3603,Aggie Stadium,21500,True,Greensboro,NC
4110,A.J. McClung Stadium,0,,Columbus,GA
6283,A.J. Simeon Stadium,15000,,High Point,NC
3604,Alamodome,36582,False,San Antonio,TX
5867,Albany State University Coliseum,10000,,Albany,GA
6027,Albert J. H. Sloan - Alumni Stadium,8500,,Fairfield,AL
3653,Albertsons Stadium,36387,False,Boise,ID
3605,Alerus Center,12283,False,Grand Forks,ND
6177,Alexander Durley Sports Complex,5500,,Houston,TX
1027,Alex G. Spanos Stadium,11075,True,San Luis Obispo,CA
3607,Alfond Stadium,10000,False,Orono,ME
6501,Allegiant Stadium,65000,False,Las Vegas,NV
3609,Allgood-Bailey Stadium,8000,True,Rolla,MO
5363,Allianz Stadium,45500,True,Sydney,NSW
3610,Aloha Stadium,50000,False,Honolulu,HI
5780,Altra Federal Credit Union Stadium,5000,,Winona,MN
3611,Alumni Field (MA),1000,,Leicester,MA
5805,Alumni Field (OH),2600,,Bluffton,OH
6144,"Alumni Field (Westfield, MA)",4000,,Westfield,MA
3597,Alumni Memorial Field,10000,True,Lexington,VA
3612,Alumni Memorial Stadium (NC),6000,,Salisbury,NC
3615,Alumni Stadium,44500,False,Chestnut Hill,MA
3613,Alumni Stadium,7193,False,Dover,DE
3614,Alumni Stadium (IN),4000,,Hanover,IN
6042,Alumni Stadium (KY),6000,,Frankfort,KY
6128,Alumni Stadium (PA),1400,,Greenville,PA
6079,Alumni Stadium (VT),3500,,Middlebury,VT
5899,"Alumni Stadium (Worcester, MA)",2000,,Worcester,MA
5938,Al Whitehead Field at Greyhound Stadium,4000,,Portales,NM
3616,Amon G. Carter Stadium,46000,True,Fort Worth,TX
5820,Amos Alonzo Stagg Field,3500,,Chicago,IL
6124,Amos Alonzo Stagg Field (PA),3500,,Selinsgrove,PA
4432,Andre Reed Stadium,5600,,Kutztown,PA
3617,Andy Kerr Stadium,10221,False,Hamilton,NY
5904,Angell Field,2458,,Kalamazoo,MI
5221,ANZ Stadium,83500,True,Sydney,
3825,Apogee Stadium,30850,False,Denton,TX
3618,Apprentice Field,800,,Newport News,VA
6084,April Zorn Memorial Stadium,2600,,Monmouth,IL
3619,Arizona Stadium,50782,False,Tucson,AZ
5892,Armfield Athletic Center,2200,,Greensboro,NC
3620,Armstrong Stadium,12000,False,Hampton,VA
3621,Arnold Field (PA),2000,,Annville,PA
3622,Arrowhead Stadium,76416,True,Kansas City,MO
3623,Arthur J. Rooney Athletic Field,2200,False,Pittsburgh,PA
5816,Art Keller Field,2448,,Kenosha,WI
3624,Arute Field,5500,False,New Britain,CT
7082,Athletic Field Complex,1250,,La Plume,PA
3687,AT&T Stadium,100000,False,Arlington,TX
6274,Audi Field,20000,,Washington,DC
4724,Audrey J. Walton Stadium at Vernon Kennedy Field,12000,,Warrensburg,MO
6096,Austin E. Knowlton Athletics Complex,3000,,Oberlin,OH
3626,Autzen Stadium,54000,False,Eugene,OR
3504,Aviva Stadium,51700,True,Dublin,
5790,Bahlke Field,4000,,Alma,MI
3627,Bailey Memorial Stadium,6500,True,Clinton,SC
6104,Baker Stadium,3500,,Tacoma,WA
3628,Bank of America Stadium,73778,True,Charlotte,NC
3629,Barker-Lane Stadium,5500,False,Buies Creek,NC
4015,Barron Stadium,6500,,Rome,GA
4851,Bazemore-Hyder Stadium,10100,,Valdosta,GA
3630,BB&T Field,31500,False,Winston-Salem,NC
3631,BBVA Compass Stadium,22000,True,Houston,TX
5134,Bearcat Stadium,6500,,Maryville,MO
3632,Beaver Stadium,106572,True,University Park,PA
5802,Belhaven Bowl Stadium,1200,,Jackson,MS
3633,Ben Altamirano Field,3000,,Silver City,NM
980,Benedetti-Wehrli Stadium,4839,,Naperville,IL
3634,Ben Hill Griffin Stadium,88548,True,Gainesville,FL
4729,Benson Field at Yulman Stadium,30000,False,New Orleans,LA
5876,Bentley University Football Stadium,4800,,Waltham,MA
5812,Bernlohr Stadium,3000,,Bexley,OH
6043,Bethpage Federal Credit Union Stadium,6000,False,Brookville,NY
5835,Biddle Field,2577,,Carlisle,PA
6082,Big Cat Stadium,1400,,Morris,MN
3635,Bill Buxton Stadium,5000,,Indianola,IA
3636,Bill Snyder Family Football Stadium,50000,False,Manhattan,KS
6118,Birkelbach Field,12442,,Georgetown,TX
6212,Bishop Schmitt Field,2200,,Wheeling,WV
6092,Bishop Stadium,5000,,Rocky Mount,NC
5803,Bison Stadium,1000,,Bethany,WV
3639,Blackshear Stadium,15000,False,Prairie View,TX
3640,Blackstock Stadium,3000,,Greencastle,IN
3841,Blaik Field at Michie Stadium,38000,False,West Point,NY
7365,Blaine High School,2000,,Blaine,WA
3641,Blakeslee Stadium,7000,,Mankato,MN
6145,Blue Jay Stadium,2000,,Fulton,MO
6135,Blue Storm Stadium,1600,,Portland,ME
6036,Blue Wahoos Stadium,5100,,Pensacola,FL
6126,Bob Boozer Field,10000,,Brockport,NY
3697,Bobby Bowden Field at Doak Campbell Stadium,79560,True,Tallahassee,FL
721,Bobby Dodd Stadium at Historic Grant Field,55000,False,Atlanta,GA
3643,Bobcat Stadium,17000,False,Bozeman,MT
3642,Bobcat Stadium (MD),4000,,Frostburg,MD
4419,Bob Ford Field,8500,False,Albany,NY
6070,Bob Young Field,5000,,Sioux Falls,SD
3645,Bolstorff Field,0,,Forest City,IA
3646,Boone Pickens Stadium,55509,False,Stillwater,OK
5856,Boswell Field at David J. Urick Stadium,3000,,Geneva,NY
3819,Bowditch Field,5300,,Framingham,MA
3647,Bowers Stadium,14000,False,Huntsville,TX
3649,Bowman Gray Stadium,17000,True,Winston-Salem,NC
3650,Bragg Memorial Stadium,25500,False,Tallahassee,FL
4133,Braly Municipal Stadium,14215,False,Florence,AL
5807,Brevard Memorial Stadium,7000,,Brevard,NC
3651,Bridgeforth Stadium,24877,False,Harrisonburg,VA
3764,Brigham Field at Huskie Stadium,23595,False,DeKalb,IL
3652,Bright House Networks Stadium,44206,True,Orlando,FL
4617,Bristol Motor Speedway,162000,True,Briston,TN
3654,Brooks Stadium,21000,False,Conway,SC
5997,Brooks Stadium (NY),2000,,Kings Point,NY
3655,Brown Field,5000,False,Valparaiso,IN
3656,Brown Stadium,20000,False,Providence,RI
6210,Bruce R. Deaton Memorial Field,0,,Chicago,IL
3657,Bryant Denny Stadium,101821,True,Tuscaloosa,AL
6056,B.T. Harvey Stadium,9000,,Atlanta,GA
3658,Buccaneer Field,4000,False,North Charleston,SC
5884,Buffalo Stadium,12000,,Canyon,TX
4580,Bulldawg Stadium,0,,Copperas Cove,TX
5873,Bulldogs Stadium,2964,,Bowie,MD
3661,Bulldog Stadium,4400,False,Smithfield,RI
3660,Bulldog Stadium,41031,False,Fresno,CA
3659,Bulldog Stadium (NE),0,,Seward,NE
6125,Bulldog Stadium (TX),1500,,Seguin,TX
3663,Burke-Tarr Stadium,6500,,Jefferson City,TN
3664,Butler Bowl,5647,False,Indianapolis,IN
5862,Butterfield Stadium,5000,,Ithaca,NY
5822,Cadet Memorial Field,4500,,New London,CT
3666,Cajun Field,41426,False,Lafayette,LA
3831,California Memorial Stadium,62467,False,Berkeley,CA
3667,Callaghan Stadium,2000,,Princeton,WV
5910,Callaway Stadium,5000,,Lagrange,GA
6139,Cameron Stadium,3500,,Washington,PA
4013,Camping World Stadium,65000,False,Orlando,FL
347,Camp Randall Stadium,80321,False,Madison,WI
3668,Campus Field,3334,False,Fairfield,CT
5388,Canvas Stadium,36500,False,Fort Collins,CO
5794,Caparso Field,1000,,Paxton,MA
6202,Cardinal Stadium (DC),3500,,Washington,DC
6033,Carl Smith Stadium,3900,,Wise,VA
5930,Carl W. Burt Memorial Stadium,4500,,North Manchester,IN
6067,Carnie Smith Stadium,8343,,Pittsburg,KS
5889,Carpenter-Haygood Stadium,9600,,Arkadelphia,AR
1964,Carrier Dome,49057,False,Syracuse,NY
5916,Carson Park,6500,,Eau Claire,WI
3670,Carter-Finley Stadium,58000,True,Raleigh,NC
3671,Case Field,2400,False,Cleveland,OH
5881,CAU Panther Stadium,5000,,Atlanta,GA
5784,Cebe Ross Field,3000,,Buckhannon,WV
3625,Centennial Bank Stadium,30382,False,Jonesboro,AR
3673,CenturyLink Field,69000,False,Seattle,WA
5836,Chalmers Field,4000,,Dubuque,IA
3675,Charles A. Gaetano Stadium,1200,,Utica,NY
5855,Charles A. Henry Field,2500,,Hiram,OH
5796,Charles D. Lindberg Stadium,1800,,Rock Island,IL
3690,Charles L. Currier Memorial Field,3000,,Plymouth,NH
3915,Charles Lee Field at Samford Stadium,2500,,Montgomery,AL
5875,Charlie W. Johnson Stadium,10000,,Columbia,SC
4251,Chase Field,0,False,Phoenix,AZ
5874,Chet Anderson Stadium,3500,,Bemidji,MN
7232,Children's Health Stadium,12000,,Prosper,TX
3486,Children's Mercy Park,18467,True,Kansas City,KS
3676,Christy Mathewson-Memorial Stadium,13100,False,Lewisburg,PA
4431,Chryst Field at Biemesderfer Stadium,5300,,Millersville,PA
3677,Chuck Noll Field,1050,,Latrobe,PA
3684,Citrus Stadium,10000,,Azusa,CA
3678,City Stadium (VA),0,,Lynchburg,VA
7220,Clarence T.C. Ching Athletics Complex,9000,True,Honolulu,HI
5823,Clark Field,2200,,Cedar Rapids,IA
5940,Clean Harbors Stadium,2300,,Buzzards Bay,MA
5117,Clemens Stadium,7482,,Collegeville,MN
6065,Cliff Harris Stadium,3060,,Arkadelphia,AR
3681,Coffey Field,7000,False,The Bronx,NY
3683,Commonwealth Stadium,61000,False,Lexington,KY
5903,Community Stadium at Goerke Park,4000,,Stevens Point,WI
5826,Concordia Stadium,1500,,River Forest,IL
5871,Convoy Leslie Cotton Boll Stadium,3650,,Monticello,AR
6111,Cook Stadium,2500,,Terre Haute,IN
3847,Cooper Field,3750,False,Washington,DC
6141,Corwin Stadium,3000,,Middletown,CT
499,Cotton Bowl,92100,False,Dallas,TX
3685,Coughlin-Alumni Stadium,16700,False,Brookings,SD
5237,Coughlin-Alumni Stadium,19340,True,Brookings,SD
3686,Cowboy Stadium,17610,False,Lake Charles,LA
5810,Coyer Field,3000,,Buffalo,NY
6055,Craig Field at Spratt Memorial Stadium,7200,,Saint Joseph,MO
6064,Crain Family Stadium,4000,,Shawnee,OK
6108,Crain Field,4000,,Memphis,TN
3689,Cramton Bowl,25000,False,Montgomery,AL
5939,Cressy Field,1850,,Dartmouth,MA
4737,Croke Park Stadium,82300,False,Dublin,
4463,Crusader Stadium,7671,,Belton,TX
6100,Cutler Field,2200,,Olivet,MI
1905,DakotaDome,9100,False,Vermillion,SD
5831,Dale Lippert Field,1500,,Franklin,MA
5799,Daly Field at Frank R. Campbell Stadium,1200,,Danville,VA
3910,Darrell K Royal-Texas Memorial Stadium,100119,False,Austin,TX
5638,Dave Wolk Stadium,5000,,Castleton,VT
5925,David Person Field,3700,,Williamsport,PA
5901,David Smith Stadium at Ramer Field,2300,,River Falls,WI
3693,Davis Wade Stadium,61337,True,Starkville,MS
6105,Day Field,5000,,Ashland,VA
3691,D. B. Milne Field,5000,False,Jacksonville,FL
5834,Deeds Field-Piper Stadium,3000,,Granville,OH
3694,DeGol Field,3500,False,Loretto,PA
3695,Delaware Stadium,22000,False,Newark,DE
6098,Dial-Roberson Stadium,3500,,Ada,OH
5785,Dickerson Stadium,5000,,Institute,WV
4258,Dignity Health Sports Park,48114,True,Carson,CA
3696,Dix Stadium,25319,False,Kent,OH
5787,Docking Stadium,3000,,Adrian,MI
6121,Donald J. Schneider Stadium,2454,,De Pere,WI
3887,Donald W. Reynolds Razorback Stadium Frank Broyles Field,80000,False,Fayetteville,AR
5900,Don and Nona Williams Stadium,4500,,Menomonie,WI
5931,Don Drumm Stadium,5000,,Marietta,OH
3698,Donnell Stadium,7500,,Findlay,OH
5863,Don Shula Stadium at Wasmer Field,5416,,University Heights,OH
3699,Dowdy-Ficklen Stadium,50000,True,Greenville,NC
3700,Doyt Perry Stadium,24000,False,Bowling Green,OH
6087,Drake Field (NY),1500,,Morrisville,NY
3701,Drake Stadium,14557,False,Des Moines,IA
3995,Dr. John W. Winkin Sports Complex,3000,,Bangor,ME
6048,Duane Stadium,3500,,North Andover,MA
3702,Durham County Memorial Stadium,8500,,Durham,NC
3703,Durham County Stadium,0,,Raleigh,NC
5943,Duvall-Rosier Field,5000,,Fairmont,WV
6045,Dwight T. Reed Stadium,5500,,Jefferson City,MO
3705,Earl Kitchings Stadium,8000,,Jacksonville,FL
6107,ECAV Stadium,5200,,Troy,NY
3706,Eccles Coliseum,10000,False,Cedar City,UT
2068,E. Claiborne Robins Stadium,8217,False,Richmond,VA
3902,Eddie Robinson Stadium,19600,False,Grambling,LA
5795,Edor Nelson Field,1400,,Minneapolis,MN
5808,Edward C. Swenson Athletic Complex,1560,,Bridgewater,MA
4757,Edwards-Maurer Field,3000,False,Springfield,OH
6050,Ed Widseth Field,2000,,Crookston,MN
3717,Edwin Fauver Stadium,5111,,Rochester,NY
4439,Eiler-Martin Stadium,6000,,East Stroudsburg,PA
3704,E. J. Whitmire Stadium,13742,False,Cullowhee,NC
7075,Electric Supply Company Field,3500,,Wilson,NC
5845,Elliot Field Athletic Complex,1200,,Fitchburg,MA
5880,Elliott Field at Don Beebe Stadium,3500,,Chadron,NE
6133,Ellis Oval at Zimman Field,1000,,Medford,MA
5858,England Stadium,1468,,Jacksonville,IL
3710,Ernest W. Spangler Stadium,9000,False,Boiling Springs,NC
5819,Ernie Chapman Stadium,2000,,Orange,CA
3711,Estes Stadium,10000,False,Conway,AR
3712,EverBank Field,67858,True,Jacksonville,FL
3713,Falcon Stadium,46692,False,Colorado Springs,CO
3714,Fargodome,18700,False,Fargo,ND
6151,Farley-Lamb Field,1400,,Williamstown,MA
5934,Farmers Insurance Athletic Complex,2000,,Caledonia,MI
5818,Farris Stadium,3000,,Danville,KY
5915,Farwell Field,2000,,Lake Forest,IL
3838,Faurot Field,71168,False,Columbia,MO
3715,FAU Stadium,29419,False,Boca Raton,FL
3719,FedEx Field,82000,True,Landover,MD
4245,Fenway Park,38073,True,Boston,MA
4899,Fifth Third Bank Stadium,8318,,Kennesaw,GA
3720,Finley Stadium,20668,False,Chattanooga,TN
5885,First Security Stadium,5854,,Searcy,AR
3721,Fisher Field,13132,False,Easton,PA
3722,Fitton Field,23500,True,Worcester,MA
218,FIU Stadium,20000,False,Miami,FL
4417,Five Star Stadium at the Moye Complex,10200,False,Macon,GA
4420,Florida Tech Panther Stadium,0,,Melbourne,FL
3724,Floyd Casey Stadium,50000,False,Waco,TX
3726,Folsom Field,50183,True,Boulder,CO
3727,Ford Field,64500,False,Detroit,MI
3918,Foreman Field,20118,False,Norfolk,VA
5853,Francis Field (IL),2000,,Greenville,IL
5897,Francis Field (MO),4000,,Saint Louis,MO
5942,Francis G. Welch Stadium,10000,,Emporia,KS
6134,Frank Bailey Field,1600,,Schenectady,NY
5789,Frank B. Fuhrer Field,3500,,Meadville,PA
3730,Franklin Field,52593,False,Philadelphia,PA
6080,Frank M. Lindsay Field,4000,,Decatur,IL
3729,"Frank ""Muddy"" Waters Stadium",8500,,Hillsdale,MI
6054,Fred G. Hughes Stadium,7000,,Joplin,MO
6219,Fred J. Brown Athletic Complex,4500,,Defiance,OH
5840,Fred Selfe Stadium at Nicewonder Field,5500,,Meadowview,VA
6130,Fred Zollner Athletic Stadium,5000,,Angola,IN
5927,Freesen Field,1400,,Jacksonville,IL
5821,Fritz B. Burns Stadium,3000,,Claremont,CA
3731,Frost-Kalnow Stadium,4500,,Tiffin,OH
6062,Gable Field at Doc Wadley Stadium,8300,,Tahlequah,OK
3733,Garcelon Field,3500,,Lewiston,ME
6218,Garrett-Harrison Stadium,10000,,Phenix City,AL
5220,Garrison Stadium,5000,,Murfreesboro,TN
3734,Gayle and Tom Benson Stadium,6000,False,San Antonio,TX
3835,Gaylord Family Oklahoma Memorial Stadium,86112,True,Norman,OK
5127,Gene L. Shirk Stadium,5000,,Reading,PA
3871,General Charles C. Krulak Stadium,1600,,Birmingham,AL
5801,George Finnie Stadium,7800,,Berea,OH
4433,George P. Miller Stadium,6000,,Indiana,PA
6068,George Williams Athletic Complex,2500,,Raleigh,NC
3495,Georgia Dome,74228,False,Atlanta,GA
4246,Georgia State Stadium,25000,False,Atlanta,GA
3735,Gerald J. Ford Stadium,32000,False,University Park,TX
5814,Gesling Stadium,3500,,Pittsburgh,PA
3737,Gibbs Stadium,13000,True,Spartanburg,SC
3738,Gillette Stadium,68756,False,Foxborough,MA
3739,Glass Bowl,26038,False,Toledo,OH
6269,Globe Life Field,40000,,Arlington,TX
6143,Golden Bear Stadium,1500,,Springfield,MA
3740,Golden Lion Stadium,16000,False,Pine Bluff,AR
3741,Goodman Stadium,16000,False,Bethlehem,PA
5857,Gordon Wood Stadium,7500,,Brownwood,TX
3742,Governors Stadium,10100,False,Clarksville,TN
6060,Grace P. Johnson Stadium,4000,,Pembroke,NC
3748,Graham Stadium,7500,False,Martin,TN
6074,Grappone Stadium,4500,,Manchester,NH
3745,Greater Zion Stadium,10500,,Saint George,UT
4753,Greene Stadium,5000,,Liberty,MO
5920,Griswold Stadium,3000,,Portland,OR
6120,Growney Stadium,2500,,Rochester,NY
4293,Guaranteed Rate Field,40615,True,Chicago,IL
4029,Hale Stadium,10000,True,Nashville,TN
3744,Hancock Stadium,15000,False,Normal,IL
6526,Hancock Whitney Stadium,25450,False,Mobile,AL
3746,Hanson Field,16368,False,Macomb,IL
6153,Hanson Stadium,1100,,Forest Grove,OR
3747,Hantz Stadium,2500,,Midland,MI
3823,Hardee-McGee Field,3000,,Sewanee,TN
3948,Hard Rock Stadium,64767,False,Miami Gardens,FL
5908,Harley Knosher Bowl,6000,,Galesburg,IL
6030,Harms-Eischeid Stadium,3500,,Fayette,IA
6081,Harper Davis Field,3000,,Jackson,MS
3963,Harry Turpin Stadium,15971,False,Natchitoches,LA
3750,Harvard Stadium,30323,False,Boston,MA
3885,Harvey Randall Wickes Memorial Stadium,6800,,University Center,MI
3752,Heinz Field,68400,True,Pittsburgh,PA
6553,Helen and Leonard Moretz Stadium,8500,,Hickory,NC
3709,Hempstead Stadium,3000,,Beverly,MA
6209,Henry Biesiot Activities Center,0,,Dickinson,ND
5926,Henry G. Steinbrenner '27 Stadium,1000,,Cambridge,MA
6052,Herb Parker Stadium,4250,,Minot,ND
3754,High Point Solutions Stadium,52454,False,Piscataway,NJ
4765,Hillsboro Stadium,7600,False,Portland,OR
5854,Hoernemann Stadium,1300,,Tiffin,OH
5893,Hollingsworth Field,3000,,Saint Peter,MN
6093,Holmgren Athletic Complex,3000,,Chicago,IL
1930,Holt Arena,12000,False,Pocatello,ID
3756,Homer Bryce Stadium,14575,False,Nacogdoches,TX
5124,Homewood Field,8500,,Baltimore,MD
3757,Hornet Stadium,21195,False,Sacramento,CA
4582,Hornet Stadium,26500,False,Montgomery,AL
5848,Hotchkiss Field,1500,,Washington,DC
3796,Houchens Industries-L. T. Smith Stadium,22113,False,Bowling Green,KY
7003,Houck Field,10000,,Cape Girardeau,MO
3758,Houck Stadium,11015,False,Cape Girardeau,MO
6032,Hovey Field,10000,,Richmond,VA
3760,Hubert Jack Stadium,3500,,Lock Haven,PA
3762,Hughes Stadium,10000,False,Baltimore,MD
3749,Hunter Stadium,7450,,Saint Charles,MO
6069,Husky Stadium,4198,,Saint Cloud,MN
3765,Husky Stadium,70138,False,Seattle,WA
4424,Husky Stadium,5000,False,Houston,TX
5887,I.L. & Sue Morris Stadium,2800,,Glenville,WV
3766,Independence Stadium,52000,False,Shreveport,FL
3767,Indian Bowl,0,,Muskogee,OK
6109,Ingalls Field,3500,,Ripon,WI
6041,Irwin Belk Complex,4500,,Charlotte,NC
5781,Irwin Belk Stadium,3500,,Wingate,NC
3769,Jack Britt Memorial Stadium,3000,,Painesville,OH
150,Jack Coffey Field,7000,,Bronx,NY
3770,Jack Miller Stadium,6000,,Ashland,OH
6123,Jackson Field,4000,,Alpine,TX
3771,Jack Spinks Stadium,22500,False,Lorman,MS
3772,Jack Trice Stadium,61500,True,Ames,IA
4752,Jahna Field,0,,Winter Haven,FL
5825,Jake Christiansen Stadium,7000,,Moorhead,MN
6051,James S. Malosky Stadium,4500,,Duluth,MN
5852,Jamieson Stadium,10000,,Greensboro,NC
6076,Javelina Stadium,15000,,Kingsville,TX
3774,Jayne Stadium,10000,False,Morehead,KY
5798,Jerry E. Apple Stadium,2500,,Sherman,TX
4418,Jerry Richardson Stadium,15300,False,Charlotte,NC
6071,Jess Dow Field,6000,,New Haven,CT
6131,Jessee/Miller Field,5500,,Hartford,CT
3644,Jim Wacker Field at Bobcat Stadium,30000,False,San Marcos,TX
5120,J.J. Keller Field at Titan Stadium,9800,,Oshkosh,WI
5809,J. Leslie Rollins Stadium,3000,,Storm Lake,IA
3775,Joan C. Edwards Stadium,38016,False,Huntington,WV
3776,Joe Aillet Stadium,28019,False,Ruston,LA
3777,Joe Walton Stadium,3000,False,Moon Township,PA
4427,John A. Farrell Stadium,7500,,West Chester,PA
4829,John Clark Field,0,,Plano,TX
5898,John Coughlin Memorial Field,2000,,Worcester,MA
3778,John F. Kennedy Stadium,5200,False,Springfield,MO
6140,John F. Wiley Stadium,4000,,Waynesburg,PA
3725,"Johnny Red"""" Floyd Stadium""""",30788,False,Murfreesboro,TN
3781,Johnny Unitas Stadium,11200,False,Towson,MD
4728,John O'Quinn Field at TDECU Stadium,40000,False,Houston,TX
6127,John P. Papp Stadium,4500,,Wooster,OH
3782,Johnson Hagood Stadium,11427,True,Charleston,SC
3784,Jones AT&T Stadium,60454,False,Lubbock,TX
5800,Jopson Athletic Complex,3500,,Bridgewater,VA
3785,Jordan-Hare Stadium,87451,True,Auburn,AL
3662,JSU Stadium,24000,False,Jacksonville,AL
5832,Justin F. Coressel Stadium,4000,,Defiance,OH
7076,J.W. Babb Stadium,4000,,Greenwood,SC
5905,Kean Alumni Stadium,5300,,Union,NJ
3786,Kelly/Shorts Stadium,30255,False,Mount Pleasant,MI
3787,Kenan Memorial Stadium,50500,False,Chapel Hill,NC
3788,Kenneth P. LaValle Stadium,12300,False,Stony Brook,NY
3922,Kenneth R. Gill Stadium,1434,,Westminster,MD
4900,Kermit Tipton Stadium,6600,False,Johnson City,TN
3790,Kessler Field,4000,False,West Long Branch,NJ
5389,Kessler Stadium,4200,False,West Long Branch,NJ
6040,Key Stadium,5500,,Indianapolis,IN
3791,Kibbie Dome,16000,False,Moscow,ID
3792,Kidd Brewer Stadium,30000,False,Boone,NC
3793,Kinnick Stadium,69250,False,Iowa City,IA
5872,Kirkeby-Over Stadium,6500,,Sioux Falls,SD
5895,Klas Field,2000,,Saint Paul,MN
5813,Klein Field at Manitou,3500,,Northfield,MN
6117,Knight Stadium,1000,,Buena Vista,VA
5902,Knox Stadium,3000,,Huntingdon,PA
5936,Koi Ishto Stadium,5000,,Ada,OK
3794,Korb Field,0,,South Euclid,OH
3795,Kyle Field,102733,True,College Station,TX
3797,Ladd Peebles Stadium,33471,False,Mobile,AL
7079,Laird Stadium,7500,,Northfield,MN
3798,Lambeau Field,80735,True,Greenbay,WI
6044,Lane Field,2500,,Jackson,TN
3799,Lane Stadium,65632,True,Blacksburg,VA
5839,Langhorst Field,2500,,Elmhurst,IL
3800,Larry Wilcox Stadium,2500,,Atchison,KS
3801,LaVell Edwards Stadium,63470,True,Provo,UT
3802,Lawrence A. Wien Stadium,17000,False,Manhattan,NY
6223,Lawrence Tech Athletic Field,2300,,Southfield,MI
6113,Leckonby Stadium,1500,,Canton,NY
6047,Leemon Field,2000,,Lebanon,IL
5923,Legacy Field in Carlson Stadium,5000,,Decorah,IA
3803,Legion Field,72000,False,Birmingham,AL
3804,Legions Field (FL),0,,Lake Wales,FL
5869,LeGrand Stadium at 1st Community Credit Union Field,5670,,San Angelo,TX
36,Leonidoff Field,5000,False,Poughkeepsie,NY
4855,Leslie C. Quick Jr. Stadium,4000,,Chester,PA
4738,Levi's Stadium,68500,False,Santa Clara,CA
5896,Lewis C. Everett Stadium,1850,,Farmville,VA
5890,Lewis Field Stadium,6362,,Hays,KS
3805,Liberty Bowl Memorial Stadium,58325,False,Memphis,TN
3806,Lincoln Financial Field,69879,False,Philadelphia,PA
3807,Lincoln Park Stadium,0,,Forest Grove,OR
3808,Lincoln University Stadium,5000,,Lincoln University,PA
5824,Lions Stadium,6000,,Ewing,NJ
5123,Little Giant Stadium,3500,,Crawfordsville,IN
5932,Lloyd L. Thornton Stadium,3000,,Maryville,TN
477,Los Angeles Memorial Coliseum,77500,True,Los Angeles,CA
3809,Louis Crews Stadium,21000,False,Huntsville,AL
3811,Lubbers Stadium,10444,False,Allendale,MI
3812,Lucas Oil Stadium,63000,False,Indianapolis,IN
6231,Lucy Laney Stadium,9000,,Augusta,GA
6222,Lumpkins Stadium,9500,,Waxahachie,TX
3813,"Luther ""Nick"" Jeralds Stadium",5520,,Fayetteville,NC
5877,Lyle Hare Stadium,4200,,Spearfish,SD
5928,Macalester Stadium,4000,,Saint Paul,MN
5793,Macholtz Stadium,4300,,Anderson,IN
3816,Mackay Stadium,27000,False,Reno,NV
3817,Malone Stadium,30427,False,Monroe,LA
3818,Malosky Stadium,0,,Duluth,MN
6083,Mangelsdorf Field,1500,,Dallas,PA
3779,Manning Field at John L. Guidry Stadium,10500,False,Thibodaux,LA
5860,Mapleleaf Athletic Complex,5000,,Mount Pleasant,IA
4223,Marlins Park,34000,True,Miami,FL
3820,Martin Stadium,32952,False,Pullman,WA
5883,Marv Kay Stadium at Campbell Field,4000,,Golden,CO
3665,Maryland Stadium,51802,False,College Park,MD
4426,Matador Stadium,0,,Seguin,TX
5119,Maxwell Field,4000,,Mcminnville,OR
5844,McAfee Field,1200,,Hancock,MI
5783,McArthur Field,3000,,Monmouth,OR
5906,McBride Field,1762,,Gambier,OH
5907,McCarthy Stadium (Wilkes Barre),3000,,Wilkes Barre Township,PA
4441,McConnell Family Stadium,2500,,Erie,PA
6149,McCulloch Stadium,7000,,Salem,OR
5115,McCully Stadium,4100,,Wheaton,IL
6308,McKinney ISD Stadium,12000,,Mckinney,TX
4727,McLane Stadium,45140,False,Waco,TX
4749,McPherson Memorial Stadium,7000,,Xenia,OH
3638,MDU Resources Community Bowl,6000,,Bismarck,ND
3824,Meade Stadium,8000,True,Kingston,RI
6046,Meares Stadium,5000,,Mars Hill,NC
3826,Memorial Field,11000,False,Hanover,NH
6146,Memorial Field (PA),4500,,New Wilmington,PA
3829,Memorial Stadium,12764,False,Terre Haute,IN
3834,Memorial Stadium,85458,False,Lincoln,NE
3833,Memorial Stadium,47000,False,Lawrence,KS
3836,Memorial Stadium,81500,True,Clemson,SC
3832,Memorial Stadium,60670,False,Champaign,IL
3830,Memorial Stadium,52656,False,Bloomington,IN
4437,"Memorial Stadium (Clarion, PA)",5000,,Clarion,PA
4762,Memorial Stadium (Commerce TX),11582,,Commerce,TX
7185,"Memorial Stadium (El Dorado, AR)",7030,,El Dorado,AR
3837,"Memorial Stadium (Selma, AL)",0,,Selma,AL
3827,"Memorial Stadium (Stephenville, TX)",12000,,Stephenville,TX
6035,"Memorial Stadium (Wayne, NE)",2500,,Wayne,NE
6101,"Memorial Stadium (Westerville, OH)",2400,,Westerville,OH
6147,"Memorial Stadium (Whittier, CA)",7000,,Whittier,CA
6049,"Memorial Stadium (Wichita Falls, TX)",14500,,Wichita Falls,TX
5348,Mercedes-Benz Stadium,75000,False,Atlanta,GA
3493,Mercedes-Benz Superdome,73000,False,New Orleans,LA
5788,Merrill Field at Yunevich Stadium,1435,,Alfred,NY
6103,Merritt Field,4000,,Claremont,CA
3839,MetLife Stadium,82500,False,East Rutherford,NJ
4751,Mewbourne Stadium,0,,Tyler,TX
3558,Michigan Stadium,107601,False,Ann Arbor,MI
4430,Mihalik-Thompson Stadium,10000,,Slippery Rock,PA
6073,Milam Stadium,8600,,Weatherford,OK
3976,Mississippi Veterans Memorial Stadium,44215,True,Jackson,MS
6221,Mitchell Stadium,10000,,Bluefield,WV
3843,MLC Bowl,2500,,New Ulm,MN
3815,M. M. Roberts Stadium,36000,False,Hattiesburg,MS
5998,Monarch Stadium,800,,Fayetteville,NC
4014,Moretz Stadium,8500,,Hickory,NC
5782,Mountaineer Bowl,4000,,Gunnison,CO
3842,Mountaineer Field at Milan Puskar Stadium,60000,False,Morgantown,WV
4856,Mount Union Stadium,5600,,Alliance,OH
3814,M&T Bank Stadium,71008,False,Baltimore,MD
6063,Mueller Field,2000,,South Euclid,OH
4421,Multi-Sport Performance Stadium,2500,,Philippi,WV
3848,Multi-Sport Stadium,1200,,Worcester,MA
7422,Municipal Stadium,75,True,Waterbury,CT
3850,Municipal Stadium,10000,False,Daytona Beach,FL
3851,Mustang Stadium,3500,,Stevenson,MD
3852,Navy-Marine Corps Memorial Stadium,34000,False,Annapolis,MD
4852,Neta and Eddie DeRose ThunderBowl,6500,,Pueblo,CO
5083,New Turner Stadium,4400,,Upland,IN
3853,Neyland Stadium,102455,True,Knoxville,TN
3854,Nippert Stadium,40000,False,Cincinnati,OH
3810,Nissan Stadium,69143,False,Nashville,TN
3855,Notre Dame Stadium,80795,False,Notre Dame,IN
3856,Nottingham Field,8500,True,Greeley,CO
3891,NRG Stadium,71995,True,Houston,TX
3858,O'Brien Stadium,10000,False,Charleston,IL
3859,Offutt Field,5000,,Greensburg,PA
3860,O'Harra Stadium,4000,,Rapid City,SD
3861,Ohio Stadium,102780,False,Columbus,OH
3862,O'Kelly-Riddick Stadium,10000,False,Durham,NC
5829,Old National Bank Stadium,1400,,Saint Bonifacius,MN
3864,Oliver C. Dawson Stadium,22000,False,Orangeburg,SC
5403,Orlando City Stadium,0,,Orlanda,FL
5838,Ornelas Stadium,2046,,Marshall,TX
5909,Ortmayer Stadium,2500,,La Verne,CA
5116,O'Shaughnessy Stadium,5025,,Saint Paul,MN
4438,O'Shields-Stevenson Stadium,5000,,Cheyney,PA
6066,Pace Stadium,1500,,Pleasantville,NY
3868,Paladin Stadium,16000,False,Greenville,SC
3869,Palmetto Ridge High School,0,,Naples,FL
5238,Panther Stadium,15000,True,Prairie View,TX
3870,Panther Stadium (OH),1750,,Columbus,OH
3873,Papa John's Cardinal Stadium,60000,False,Louisville,KY
5935,Parker Field at McCool Stadium,8125,,Cleveland,MS
6136,Patterson Field,2500,,Collegeville,PA
6097,Patterson Field at Jack Kemp Stadium,4000,,Los Angeles,CA
3874,Paul Brown Stadium,66515,False,Cincinnati,OH
3875,Paul Laird Field,4100,,Durant,OK
3608,Paulson Stadium,25000,False,Statesboro,GA
3876,Peden Stadium,24000,False,Athens,OH
4854,Perkins Stadium,13500,,Whitewater,WI
4205,Petco Park,0,,San Diego,CA
5841,Pete FioRito Stadium at McKinzie Field,2500,,Eureka,IL
6078,Pioneer Field (TN),3500,,Greeneville,TN
3877,Pioneer Stadium,1500,,Alfred,NY
3878,Plaster Sports Complex,17337,False,Springfield,MO
7225,Polar Park,9508,,Worcester,MA
5792,Pratt Field at Lehrman Stadium,2500,,Amherst,MA
3880,Priest Field,0,,Fulton,MO
3881,Princeton University Stadium,27800,False,Princeton,NJ
7221,Protective Stadium,0,False,Birmingham,AL
3485,Providence Park,19566,False,Portland,OR
3882,Provost Umphrey Stadium,16000,False,Beaumont,TX
6122,Public Schools Stadium,4500,,Duluth,MN
3932,Qualcomm Stadium,70561,False,San Diego,CA
3723,QU Stadium,3000,,Quincy,IL
5911,Ralph E. Davis Pioneer Stadium,10000,,Platteville,WI
6058,Ralph F. DellaCamera Stadium,5000,,West Haven,CT
5882,Ralph Stocker Stadium,8000,,Grand Junction,CO
5133,Ram Stadium (WV),5000,,Shepherdstown,WV
4763,Ranger Field,6000,,Alva,OK
5917,Ratliff Stadium,17931,,Odessa,TX
3755,Ray and Sue Smith Stadium,5300,,Holland,MI
5944,Ray Dennison Memorial Field,4000,,Durango,CO
3886,Raymond James Stadium,65828,True,Tampa,FL
4583,Razorback Stadium (Texarkana),0,,Texarkana,AR
5118,Redwood Bowl,0,,Aracata,CA
5849,Reeves Field (PA),6000,,Beaver Falls,PA
3889,Reinhart Field,3500,False,Bronx,NY
3892,Rentschler Field,40000,True,East Hartford,CT
3893,Reser Stadium,43363,False,Corvallis,OR
5866,Rex Stadium,2800,,Alamosa,CO
6094,Reynolds Field,1800,,Roseville,MN
3491,RFK Stadium,45596,True,Washington,DC
3894,Rhodes Stadium,14000,True,Elon,NC
587,Rice-Eccles Stadium,45807,False,Salt Lake City,UT
3895,Rice Stadium,47000,False,Houston,TX
3896,Rice-Totten Field,10000,True,Itta Bena,MS
3897,Richardson Stadium,6000,False,Davidson,NC
6112,Richard Wackar Stadium,5000,,Glassboro,NJ
5929,Ritchie Field,1500,,Castine,ME
5833,Robert A. Lipinski Field at James Work Memorial Stadium,2000,,New Britain,PA
4435,Robert B. Redman Stadium,5000,,Bloomsburg,PA
5864,Robert E. Thorn Field,3500,,Grove City,PA
3901,Robert E. Williams Field,0,,Buena Vista,VA
453,Robertson Stadium,32000,False,Houston,TX
5842,Robert T. Shields Field,1000,,Madison,NJ
6053,Robinson-Hale Stadium,8500,,Clinton,MS
6086,Rocco Calvo Field,2000,,Bethlehem,PA
5921,Rock Bowl,10000,,Dubuque,IA
7080,Rocky Mount Athletic Complex,5000,,Rocky Mount,NC
5941,Roebuck Stadium,3500,,Elizabeth City,NC
3904,Rogers Stadium (VA),7909,,Petersburg,VA
3905,Romney Stadium,25513,False,Logan,UT
5868,Ronald J. Abdow Field,4000,,Springfield,MA
5817,Ron and Joyce Schipper Stadium,1000,,Pella,IA
6057,Ron & Carol Cope Stadium at Foster Field,5250,,Kearney,NE
5919,Ron Roberts Field at the Banta Bowl,3634,,Appleton,WI
3906,Roos Field,8500,False,Cheney,WA
1056,Rose Bowl,88565,True,Pasadena,CA
5861,Rosenbloom Field,1500,,Grinnell,IA
3907,Ross-Ade Stadium,57282,True,West Lafayette,IN
5804,Royal Stadium,8000,,Arden Hills,MN
3908,Roy Kidd Stadium,20000,False,Richmond,KY
3909,Roy Stewart Stadium,16800,False,Murray,KY
5113,Ruggles Field at Carpenter-Haygood Stadium,9600,,Arkadelphia,AR
3911,Ryan Field,47130,True,Evanston,IL
3912,Rynearson Stadium,30200,False,Ypsilanti,MI
6095,Sabine Field at Haynes Family Stadium,3000,,Northfield,VT
4134,Salem Stadium,0,,Salem,VA
3913,Saluki Stadium,15000,False,Carbondale,IL
3914,Sam Boyd Stadium,36800,False,Whitney,NV
6110,Sam Greeley Field,1000,,Rockford,IL
6059,Sanchez Family Stadium,5000,,Las Vegas,NM
3917,Sanford Stadium,92746,True,Athens,GA
4428,Saxon Stadium,2300,,Erie,PA
3606,Scheels Field at Nemzek Stadium,5000,,Moorhead,MN
3919,Scheumann Stadium,22500,False,Muncie,IN
3920,Schmidt Stadium,1800,,Edwardsville,PA
5815,Schneider Stadium,2000,,Waukesha,WI
3921,Schoellkopf Field,21500,False,Ithaca,NY
6088,Schueler Field,2400,,Cincinnati,OH
6072,Schwan Regional Event Center,2500,,Marshall,MN
4853,Scott D. Miller Stadium,2500,,Dover,DE
3923,Scott Stadium,61500,True,Charlottesville,VA
6089,Scotty Wood Stadium,3000,,Allentown,PA
5933,Sea Foam Stadium,3500,,Saint Paul,MN
6114,Sea Gull Stadium,5000,,Salisbury,MD
5689,Seaverns Field At Harold Alfond Stadium,2000,,Waterville,ME
3925,Seibert Stadium,6700,False,Homewood,AL
6099,Selby Stadium,9100,,Delaware,OH
4429,Seth Grove Stadium,7700,,Shippensburg,PA
3926,Setzler Field,4000,,Newberry,SC
7077,Shadek Stadium,2500,,Lancaster,PA
5114,Shelton Stadium,4000,,Abilene,TX
6116,Shentel Stadium,3000,,Winchester,VA
3927,Sherman Field,4684,,Houghton,MI
6090,Sherman Field at McConagha Stadium,2500,,New Concord,OH
5851,Shirk Field at Musselman Stadium,6000,,Gettysburg,PA
6577,SHI Stadium,52454,False,Piscataway,NJ
3928,Shotwell Stadium,15075,False,Abilene,TX
5122,Shuford Stadium,5000,,Salisbury,NC
6208,Sirrine Stadium,15000,,Greenville,SC
3674,Skelly Field at H. A. Chapman Stadium,30000,False,Tulsa,OK
7311,Snapdragon Stadium,35000,True,San Diego,CA
6211,Sodexo Field,2000,,Rindge,NH
7065,SoFi Stadium,71500,,Inglewood,CA
3933,Soldier Field,61500,True,Chicago,IL
3761,Sonny Lubick Field at Hughes Stadium,34400,False,Fort Collins,CO
3934,Southern Nazarene University Football Stadium,2500,,Bethany,OK
4425,Southwestern Field House,0,,Georgetown,TX
4440,Sox Harrison Stadium,6000,,Edinboro,PA
6102,Sparks Stadium,4500,,Puyallup,WA
3936,Spartan Stadium,75005,True,East Lansing,MI
3935,Spartan Stadium,30456,False,San Jose,CA
4416,Spec Martin Municipal Stadium,6000,,DeLand,FL
6241,Spirit Field,1200,,Surprise,AZ
5847,Sponaugle-Williamson Field,4000,,Lancaster,PA
3937,Sports Authority Field at Mile High,76125,True,Denver,CO
3938,Sports Complex (OH),0,,Cincinnati,OH
6085,Sprague Field,6000,,Montclair,NJ
5786,Sprankle-Sprandel Stadium,4000,,Albion,MI
5125,Stadium Red Field,6500,,Cortland,NY
6119,Stagg Field,3867,,Springfield,MA
844,Stambaugh Stadium,20630,False,Youngstown,OH
3940,Stanford Stadium,50424,True,Stanford,CA
5263,Steele Stadium,3000,,Owensboro,KY
5894,Steuben Field,2000,,Clinton,NY
3716,"Stewart """"Red"""" Faught Stadium",4000,,Franklin,IN
3942,Stewart Stadium,17500,False,Ogden,UT
3943,Stillman Stadium,0,,Tuscaloosa,AL
5850,Stoffer Family Stadium,3300,,Newberg,OR
6077,Stokes Stadium,4000,,Kirksville,MO
3944,Strawberry Stadium,7408,False,Hammond,LA
3945,Strong Stadium,3000,,Beloit,WI
538,StubHub Center,27000,False,Carson,CA
3939,St. Vincent Health Field,0,,Indianapolis,IN
3768,Summa Field at InfoCision Stadium,30000,False,Akron,OH
3946,Sun Bowl Stadium,51500,False,El Paso,TX
3947,Sun Devil Stadium,65870,True,Tempe,AZ
5319,SunTrust Park,41084,True,Atlanta,GA
3950,Superior Dome,8000,False,Marquette,MI
3951,Swisher Field,6000,,Aberdeen,SD
4221,Target Field,0,,Minneapolis,MN
5918,Taylor Field,1000,,Plymouth,WI
3953,TCF Bank Stadium,50850,False,Minneapolis,MN
6106,Ted Runner Stadium,6750,,Redlands,CA
3952,Ted Wright Stadium,7500,False,Savannah,GA
3728,Terry Fox Field,2500,,Burnaby,BC
3494,The Dome at America's Center,66000,,Saint Louis,MO
6148,The Pine Bowl,2200,,Spokane,WA
4750,The Reservation,10000,,Gaffney,SC
4779,Thomas Robinson Stadium,15000,True,Nassau,
5870,Thone Stadium at Buerkle Field,6500,,Russellville,AR
3958,Tiger Stadium,102321,True,Baton Rouge,LA
3957,Tiger Stadium (AL),7000,,Livingston,AL
4103,Tiger Stadium (MO),0,,Excelsior Springs,MO
3600,Tom Adams Field,6439,,Detroit,MI
5827,Tomasini Stadium,800,,Mequon,WI
3718,Tom Benson Hall of Fame Stadium,23000,,Canton,OH
5879,Tomlinson Stadium,4000,,Ellensburg,WA
6115,Toppa Field,2500,,Newport,RI
3960,Top Taggart Field,6200,,Big Rapids,MI
716,Torero Stadium,6000,True,San Diego,CA
3879,TowneBank Stadium,4200,,Newport News,VA
7179,Toyota Field,7000,,Madison,AL
5096,Toyota Stadium,5000,,Georgetown,KY
1400,Toyota Stadium,20500,True,Frisco,TX
6132,Trinity University Stadium,3500,,San Antonio,TX
6220,Trojan Stadium,5000,,Madison,SD
4113,Tropicana Field,31042,False,Saint Petersburg,FL
5859,Tucci Stadium,3500,,Bloomington,IL
3962,Tucker Stadium,16500,False,Cookeville,TN
5791,Turf Field,4000,,Reading,PA
5015,Turner Stadium,4400,,Upland,IN
3965,UB Stadium,30270,False,Amherst,NY
3967,UNI-Dome,16324,False,Cedar Falls,IA
3969,University Field (NY),10000,True,Albany,NY
5121,University of Charleston Stadium,18500,,Charleston,WV
3970,University of Phoenix Stadium,65000,True,Glendale,AZ
3971,University Stadium,39224,False,Albuquerque,NM
5888,University Stadium (GA),10000,,Carrollton,GA
6031,Urbana University Stadium,3000,,Urbana,OH
5797,Vago Field,600,,Aurora,IL
4422,Valhalla Stadium,2500,,Mount Berry,GA
3973,Vanderbilt Stadium,40351,False,Nashville,TN
5828,Van Metre Field at Ash Park,1100,,Mount Vernon,IA
3974,Vaught-Hemingway Stadium,64038,True,Oxford,MS
5637,Vendetti Field,763,,Dudley,MA
3975,Veterans Memorial Stadium,30000,False,Troy,AL
5914,Veterans Memorial Stadium (WI),10000,,La Crosse,WI
6284,Village of Lisle-Benedictine University Sports Complex,3071,,Lisle,IL
717,Villanova Stadium,12500,False,Villanova,PA
3979,Wagner College Stadium,3300,False,Staten Island,NY
3980,Waldo Stadium,30200,False,Kalamazoo,MI
2023,Walkup Skydome,10000,False,Flagstaff,AZ
3982,Wallace Wade Stadium,40004,True,Durham,NC
6137,Walston-Hoover Stadium,4000,,Waverly,IA
5830,Walter M. Katz Field,1600,,Milton,MA
5878,Wantland Stadium,10000,,Edmond,OK
3984,War Memorial Stadium,29181,False,Laramie,WY
3983,War Memorial Stadium,54120,False,Little Rock,AR
3985,Warren McGuirk Alumni Stadium,17000,False,Hadley,MA
5913,Warrior Field at Raabe Stadium,1700,,Wauwatosa,WI
3987,Washington-Grizzly Stadium,25217,False,Missoula,MT
5843,W.B. Adams Stadium,5500,,Ferrum,VA
6075,W.B. Mason Stadium,2400,,North Easton,MA
6217,W.C. Hawkins Stadium,3000,,Columbia,SC
3988,Welcome Stadium,11000,False,Dayton,OH
5886,West Family Stadium,4000,,Wheeling,WV
6142,Westside Athletic Complex,2500,,Danbury,CT
5806,Whittier Field,9000,,Brunswick,ME
6150,Wightman Stadium,1909,,Wayne,NJ
5922,Wildcat Field,7000,,Pineville,LA
3688,Wildcat Stadium,11015,False,Durham,NH
5945,Wildcat Stadium (GA),10000,,Fort Valley,GA
5440,Wildcat Stadium (TX),12000,False,Abilene,TX
5996,Wilford Moore Stadium,3550,,Abilene,TX
6152,Wiliams Stadium (OH),3500,,Wilmington,OH
5891,Wilkins Stadium,6000,,Magnolia,AR
5400,William B. Greene Jr. Stadium,7694,False,Johnson City,TN
3991,"William Dick"""" Price Stadium""""",30000,False,Norfolk,VA
3990,William H. Greene Stadium,10000,False,Washington,DC
5811,William Rolland Stadium,2000,,Thousand Oaks,CA
3994,Williams-Brice Stadium,80250,True,Columbia,SC
3992,Williams Stadium,25000,False,Lynchburg,VA
6138,Wilson Field,4000,,Lexington,VA
6037,Woodforest Bank Stadium,0,,Shenandoah,TX
5636,Wright Stadium,1200,,Oneonta,NY
4250,Wrigley Field,0,,Chicago,IL
3996,Yager Stadium,24286,False,Oxford,OH
6034,Yager Stadium at Moore Bowl,7200,,Topeka,KS
3997,Yale Bowl,61446,False,New Haven,CT
4102,Yankee Stadium,54251,False,New York,NY
4423,Young-Wise Memorial Stadium,1500,,Conway,AR
6061,Younts Stadium,4500,,Tigerville,SC
3998,Zable Stadium,12400,False,Williamsburg,VA
